"seqnames","start","end","width","strand","annotation","geneChr","geneStart","geneEnd","geneLength","geneStrand","geneId","transcriptId","distanceToTSS","ENSEMBL","SYMBOL","GENENAME"
"chr1",55021777,55022716,940,"*","Distal Intergenic",1,55039445,55064852,25408,1,"255738","ENST00000713785.1",-16729,"ENSG00000169174","PCSK9","proprotein convertase subtilisin/kexin type 9"
"chr1",55032351,55033118,768,"*","Distal Intergenic",1,55039445,55064852,25408,1,"255738","ENST00000713785.1",-6327,"ENSG00000169174","PCSK9","proprotein convertase subtilisin/kexin type 9"
"chr1",55033282,55034020,739,"*","Distal Intergenic",1,55039445,55064852,25408,1,"255738","ENST00000713785.1",-5425,"ENSG00000169174","PCSK9","proprotein convertase subtilisin/kexin type 9"
"chr1",55035903,55036204,302,"*","Distal Intergenic",1,55039445,55064852,25408,1,"255738","ENST00000713785.1",-3241,"ENSG00000169174","PCSK9","proprotein convertase subtilisin/kexin type 9"
"chr1",55039099,55040395,1297,"*","Promoter (<=1kb)",1,55039445,55064852,25408,1,"255738","ENST00000713785.1",0,"ENSG00000169174","PCSK9","proprotein convertase subtilisin/kexin type 9"
"chr1",55044726,55044960,235,"*","Promoter (<=1kb)",1,55043966,55047332,3367,1,"255738","ENST00000673662.1",760,"ENSG00000169174","PCSK9","proprotein convertase subtilisin/kexin type 9"
"chr1",55049897,55050260,364,"*","Promoter (<=1kb)",1,55050934,55064850,13917,1,"255738","ENST00000490692.1",-674,"ENSG00000169174","PCSK9","proprotein convertase subtilisin/kexin type 9"
"chr1",55052614,55054118,1505,"*","Promoter (1-2kb)",1,55050934,55064850,13917,1,"255738","ENST00000490692.1",1680,"ENSG00000169174","PCSK9","proprotein convertase subtilisin/kexin type 9"
"chr1",55055538,55055745,208,"*","Intron (ENST00000713785.1/255738, intron 3 of 9)",1,55050934,55064850,13917,1,"255738","ENST00000490692.1",4604,"ENSG00000169174","PCSK9","proprotein convertase subtilisin/kexin type 9"
"chr1",62585454,62586064,611,"*","Intron (ENST00000251157.10/85440, intron 15 of 49)",1,62597520,62606313,8794,1,"27329","ENST00000371129.4",-11456,"ENSG00000132855","ANGPTL3","angiopoietin like 3"
"chr1",62593847,62594324,478,"*","Intron (ENST00000251157.10/85440, intron 14 of 49)",1,62597520,62606313,8794,1,"27329","ENST00000371129.4",-3196,"ENSG00000132855","ANGPTL3","angiopoietin like 3"
"chr1",62597282,62597789,508,"*","Promoter (<=1kb)",1,62597520,62606313,8794,1,"27329","ENST00000371129.4",0,"ENSG00000132855","ANGPTL3","angiopoietin like 3"
"chr1",62598863,62599519,657,"*","Promoter (1-2kb)",1,62597520,62606313,8794,1,"27329","ENST00000371129.4",1343,"ENSG00000132855","ANGPTL3","angiopoietin like 3"
"chr1",62606919,62607281,363,"*","Intron (ENST00000251157.10/85440, intron 14 of 49)",1,62602320,62604658,2339,1,"27329","ENST00000493994.1",4599,"ENSG00000132855","ANGPTL3","angiopoietin like 3"
"chr1",62608936,62609307,372,"*","Exon (ENST00000624477.1/ENST00000624477.1, exon 1 of 1)",1,62602320,62604658,2339,1,"27329","ENST00000493994.1",6616,"ENSG00000132855","ANGPTL3","angiopoietin like 3"
"chr1",109312996,109313737,742,"*","3' UTR",1,109313801,109316927,3127,2,"6272","ENST00000485149.1",3190,"ENSG00000134243","SORT1","sortilin 1"
"chr1",109335068,109335487,420,"*","Promoter (<=1kb)",1,109326806,109336302,9497,2,"6272","ENST00000466471.1",815,"ENSG00000134243","SORT1","sortilin 1"
"chr1",109340305,109340539,235,"*","Intron (ENST00000538502.5/6272, intron 10 of 19)",1,109326806,109336302,9497,2,"6272","ENST00000466471.1",-4003,"ENSG00000134243","SORT1","sortilin 1"
"chr1",109341974,109342384,411,"*","Exon (ENST00000538502.5/6272, exon 9 of 20)",1,109326806,109336302,9497,2,"6272","ENST00000466471.1",-5672,"ENSG00000134243","SORT1","sortilin 1"
"chr1",109342653,109342859,207,"*","Intron (ENST00000538502.5/6272, intron 8 of 19)",1,109326806,109336302,9497,2,"6272","ENST00000466471.1",-6351,"ENSG00000134243","SORT1","sortilin 1"
"chr1",109343070,109343295,226,"*","Intron (ENST00000538502.5/6272, intron 8 of 19)",1,109326806,109336302,9497,2,"6272","ENST00000466471.1",-6768,"ENSG00000134243","SORT1","sortilin 1"
"chr1",109345353,109345673,321,"*","Intron (ENST00000538502.5/6272, intron 8 of 19)",1,109326806,109336302,9497,2,"6272","ENST00000466471.1",-9051,"ENSG00000134243","SORT1","sortilin 1"
"chr1",109349600,109349800,201,"*","Intron (ENST00000538502.5/6272, intron 6 of 19)",1,109326806,109336302,9497,2,"6272","ENST00000466471.1",-13298,"ENSG00000134243","SORT1","sortilin 1"
"chr1",109352828,109353134,307,"*","Intron (ENST00000538502.5/6272, intron 5 of 19)",1,109366783,109369589,2807,2,"6272","ENST00000483508.5",16455,"ENSG00000134243","SORT1","sortilin 1"
"chr1",109355840,109356062,223,"*","Intron (ENST00000538502.5/6272, intron 3 of 19)",1,109366783,109369589,2807,2,"6272","ENST00000483508.5",13527,"ENSG00000134243","SORT1","sortilin 1"
"chr1",109357751,109358077,327,"*","Intron (ENST00000538502.5/6272, intron 3 of 19)",1,109366783,109369589,2807,2,"6272","ENST00000483508.5",11512,"ENSG00000134243","SORT1","sortilin 1"
"chr1",109360601,109360855,255,"*","Intron (ENST00000538502.5/6272, intron 3 of 19)",1,109366783,109369589,2807,2,"6272","ENST00000483508.5",8734,"ENSG00000134243","SORT1","sortilin 1"
"chr1",109360956,109361486,531,"*","Intron (ENST00000538502.5/6272, intron 3 of 19)",1,109366783,109369589,2807,2,"6272","ENST00000483508.5",8103,"ENSG00000134243","SORT1","sortilin 1"
"chr1",109365686,109366047,362,"*","Intron (ENST00000538502.5/6272, intron 3 of 19)",1,109366783,109369589,2807,2,"6272","ENST00000483508.5",3542,"ENSG00000134243","SORT1","sortilin 1"
"chr1",109369160,109369501,342,"*","Promoter (<=1kb)",1,109366783,109369589,2807,2,"6272","ENST00000483508.5",88,"ENSG00000134243","SORT1","sortilin 1"
"chr1",109370677,109371841,1165,"*","Promoter (1-2kb)",1,109368478,109369589,1112,2,"6272","ENST00000495777.5",-1088,"ENSG00000134243","SORT1","sortilin 1"
"chr1",109373111,109373384,274,"*","Intron (ENST00000538502.5/6272, intron 1 of 19)",1,109368478,109369589,1112,2,"6272","ENST00000495777.5",-3522,"ENSG00000134243","SORT1","sortilin 1"
"chr1",109381664,109381901,238,"*","Intron (ENST00000538502.5/6272, intron 1 of 19)",1,109350947,109389899,38953,2,"6272","ENST00000493736.5",7998,"ENSG00000134243","SORT1","sortilin 1"
"chr1",109383134,109383432,299,"*","Intron (ENST00000538502.5/6272, intron 1 of 19)",1,109350947,109389899,38953,2,"6272","ENST00000493736.5",6467,"ENSG00000134243","SORT1","sortilin 1"
"chr1",109385541,109385804,264,"*","Intron (ENST00000538502.5/6272, intron 1 of 19)",1,109350947,109389899,38953,2,"6272","ENST00000493736.5",4095,"ENSG00000134243","SORT1","sortilin 1"
"chr1",109389770,109390076,307,"*","Promoter (<=1kb)",1,109350947,109389899,38953,2,"6272","ENST00000493736.5",0,"ENSG00000134243","SORT1","sortilin 1"
"chr1",109390669,109390878,210,"*","Promoter (<=1kb)",1,109350947,109389899,38953,2,"6272","ENST00000493736.5",-770,"ENSG00000134243","SORT1","sortilin 1"
"chr1",109391235,109391489,255,"*","Promoter (1-2kb)",1,109350947,109389899,38953,2,"6272","ENST00000493736.5",-1336,"ENSG00000134243","SORT1","sortilin 1"
"chr1",109392156,109392356,201,"*","Promoter (<=1kb)",1,109355441,109392988,37548,2,"6272","ENST00000633956.1",632,"ENSG00000134243","SORT1","sortilin 1"
"chr1",109392842,109393536,695,"*","Promoter (<=1kb)",1,109355441,109392988,37548,2,"6272","ENST00000633956.1",0,"ENSG00000134243","SORT1","sortilin 1"
"chr1",109396204,109396514,311,"*","Promoter (1-2kb)",1,109369530,109397861,28332,2,"6272","ENST00000471996.1",1347,"ENSG00000134243","SORT1","sortilin 1"
"chr1",109397357,109398371,1015,"*","Promoter (<=1kb)",1,109369530,109397861,28332,2,"6272","ENST00000471996.1",0,"ENSG00000134243","SORT1","sortilin 1"
"chr1",109399376,109399699,324,"*","Promoter (1-2kb)",1,109309575,109397918,88344,2,"6272","ENST00000256637.8",-1458,"ENSG00000134243","SORT1","sortilin 1"
"chr1",109404739,109405088,350,"*","Intron (ENST00000271308.9/5686, intron 8 of 8)",1,109309575,109397918,88344,2,"6272","ENST00000256637.8",-6821,"ENSG00000134243","SORT1","sortilin 1"
"chr10",112945766,112946089,324,"*","Intron (ENST00000428766.3/107984158, intron 6 of 7)",10,112950247,113167678,217432,1,"6934","ENST00000355995.9",-4158,"ENSG00000148737","TCF7L2","transcription factor 7 like 2"
"chr10",112949203,112949436,234,"*","Promoter (<=1kb)",10,112950247,113167678,217432,1,"6934","ENST00000355995.9",-811,"ENSG00000148737","TCF7L2","transcription factor 7 like 2"
"chr10",112949532,112950507,976,"*","Promoter (<=1kb)",10,112950247,113167678,217432,1,"6934","ENST00000355995.9",0,"ENSG00000148737","TCF7L2","transcription factor 7 like 2"
"chr10",113042337,113043121,785,"*","Intron (ENST00000355995.9/6934, intron 5 of 14)",10,113125536,113165648,40113,1,"6934","ENST00000349937.8",-82415,"ENSG00000148737","TCF7L2","transcription factor 7 like 2"
"chr10",113044731,113045016,286,"*","Intron (ENST00000355995.9/6934, intron 5 of 14)",10,113125536,113165648,40113,1,"6934","ENST00000349937.8",-80520,"ENSG00000148737","TCF7L2","transcription factor 7 like 2"
"chr10",113045208,113045633,426,"*","Intron (ENST00000355995.9/6934, intron 5 of 14)",10,113125536,113165648,40113,1,"6934","ENST00000349937.8",-79903,"ENSG00000148737","TCF7L2","transcription factor 7 like 2"
"chr10",113045727,113045998,272,"*","Intron (ENST00000355995.9/6934, intron 5 of 14)",10,113125536,113165648,40113,1,"6934","ENST00000349937.8",-79538,"ENSG00000148737","TCF7L2","transcription factor 7 like 2"
"chr10",113047741,113048318,578,"*","Intron (ENST00000355995.9/6934, intron 5 of 14)",10,113125536,113165648,40113,1,"6934","ENST00000349937.8",-77218,"ENSG00000148737","TCF7L2","transcription factor 7 like 2"
"chr10",113049759,113050243,485,"*","Intron (ENST00000355995.9/6934, intron 5 of 14)",10,113125536,113165648,40113,1,"6934","ENST00000349937.8",-75293,"ENSG00000148737","TCF7L2","transcription factor 7 like 2"
"chr10",113051284,113051488,205,"*","Intron (ENST00000355995.9/6934, intron 5 of 14)",10,113125536,113165648,40113,1,"6934","ENST00000349937.8",-74048,"ENSG00000148737","TCF7L2","transcription factor 7 like 2"
"chr10",113052193,113052780,588,"*","Intron (ENST00000355995.9/6934, intron 5 of 14)",10,113125536,113165648,40113,1,"6934","ENST00000349937.8",-72756,"ENSG00000148737","TCF7L2","transcription factor 7 like 2"
"chr10",113053849,113054207,359,"*","Intron (ENST00000355995.9/6934, intron 5 of 14)",10,113125536,113165648,40113,1,"6934","ENST00000349937.8",-71329,"ENSG00000148737","TCF7L2","transcription factor 7 like 2"
"chr10",113056780,113057025,246,"*","Intron (ENST00000355995.9/6934, intron 5 of 14)",10,113125536,113165648,40113,1,"6934","ENST00000349937.8",-68511,"ENSG00000148737","TCF7L2","transcription factor 7 like 2"
"chr10",113058694,113058985,292,"*","Intron (ENST00000355995.9/6934, intron 5 of 14)",10,113125536,113165648,40113,1,"6934","ENST00000349937.8",-66551,"ENSG00000148737","TCF7L2","transcription factor 7 like 2"
"chr10",113059379,113059698,320,"*","Intron (ENST00000355995.9/6934, intron 5 of 14)",10,113125536,113165648,40113,1,"6934","ENST00000349937.8",-65838,"ENSG00000148737","TCF7L2","transcription factor 7 like 2"
"chr10",113060181,113060993,813,"*","Intron (ENST00000355995.9/6934, intron 5 of 14)",10,113125536,113165648,40113,1,"6934","ENST00000349937.8",-64543,"ENSG00000148737","TCF7L2","transcription factor 7 like 2"
"chr10",113061068,113061296,229,"*","Intron (ENST00000355995.9/6934, intron 5 of 14)",10,113125536,113165648,40113,1,"6934","ENST00000349937.8",-64240,"ENSG00000148737","TCF7L2","transcription factor 7 like 2"
"chr10",113066010,113066536,527,"*","Intron (ENST00000355995.9/6934, intron 5 of 14)",10,113125536,113165648,40113,1,"6934","ENST00000349937.8",-59000,"ENSG00000148737","TCF7L2","transcription factor 7 like 2"
"chr10",113067586,113067834,249,"*","Intron (ENST00000355995.9/6934, intron 5 of 14)",10,113125536,113165648,40113,1,"6934","ENST00000349937.8",-57702,"ENSG00000148737","TCF7L2","transcription factor 7 like 2"
"chr10",113071460,113071885,426,"*","Intron (ENST00000355995.9/6934, intron 5 of 14)",10,113125536,113165648,40113,1,"6934","ENST00000349937.8",-53651,"ENSG00000148737","TCF7L2","transcription factor 7 like 2"
"chr10",113073556,113074285,730,"*","Intron (ENST00000355995.9/6934, intron 5 of 14)",10,113125536,113165648,40113,1,"6934","ENST00000349937.8",-51251,"ENSG00000148737","TCF7L2","transcription factor 7 like 2"
"chr10",113080860,113081143,284,"*","Intron (ENST00000355995.9/6934, intron 5 of 14)",10,113125536,113165648,40113,1,"6934","ENST00000349937.8",-44393,"ENSG00000148737","TCF7L2","transcription factor 7 like 2"
"chr10",113087137,113087959,823,"*","Intron (ENST00000355995.9/6934, intron 5 of 14)",10,113125536,113165648,40113,1,"6934","ENST00000349937.8",-37577,"ENSG00000148737","TCF7L2","transcription factor 7 like 2"
"chr10",113092821,113093448,628,"*","Intron (ENST00000355995.9/6934, intron 5 of 14)",10,113125536,113165648,40113,1,"6934","ENST00000349937.8",-32088,"ENSG00000148737","TCF7L2","transcription factor 7 like 2"
"chr10",113093495,113094600,1106,"*","Intron (ENST00000355995.9/6934, intron 5 of 14)",10,113125536,113165648,40113,1,"6934","ENST00000349937.8",-30936,"ENSG00000148737","TCF7L2","transcription factor 7 like 2"
"chr10",113096546,113097078,533,"*","Intron (ENST00000355995.9/6934, intron 5 of 14)",10,113125536,113165648,40113,1,"6934","ENST00000349937.8",-28458,"ENSG00000148737","TCF7L2","transcription factor 7 like 2"
"chr10",113099374,113100140,767,"*","Intron (ENST00000355995.9/6934, intron 5 of 14)",10,113125536,113165648,40113,1,"6934","ENST00000349937.8",-25396,"ENSG00000148737","TCF7L2","transcription factor 7 like 2"
"chr10",113106864,113107439,576,"*","Intron (ENST00000355995.9/6934, intron 5 of 14)",10,113125536,113165648,40113,1,"6934","ENST00000349937.8",-18097,"ENSG00000148737","TCF7L2","transcription factor 7 like 2"
"chr10",113111918,113112960,1043,"*","Intron (ENST00000355995.9/6934, intron 5 of 14)",10,113125536,113165648,40113,1,"6934","ENST00000349937.8",-12576,"ENSG00000148737","TCF7L2","transcription factor 7 like 2"
"chr10",113113156,113113607,452,"*","Intron (ENST00000355995.9/6934, intron 5 of 14)",10,113125536,113165648,40113,1,"6934","ENST00000349937.8",-11929,"ENSG00000148737","TCF7L2","transcription factor 7 like 2"
"chr10",113113970,113114281,312,"*","Intron (ENST00000355995.9/6934, intron 5 of 14)",10,113125536,113165648,40113,1,"6934","ENST00000349937.8",-11255,"ENSG00000148737","TCF7L2","transcription factor 7 like 2"
"chr10",113117711,113117946,236,"*","Intron (ENST00000355995.9/6934, intron 5 of 14)",10,113125536,113165648,40113,1,"6934","ENST00000349937.8",-7590,"ENSG00000148737","TCF7L2","transcription factor 7 like 2"
"chr10",113122939,113123435,497,"*","Promoter (2-3kb)",10,113125536,113165648,40113,1,"6934","ENST00000349937.8",-2101,"ENSG00000148737","TCF7L2","transcription factor 7 like 2"
"chr10",113126371,113127041,671,"*","Promoter (<=1kb)",10,113126690,113165612,38923,1,"6934","ENST00000369389.7",0,"ENSG00000148737","TCF7L2","transcription factor 7 like 2"
"chr10",113129029,113129306,278,"*","Promoter (<=1kb)",10,113129206,113151057,21852,1,"6934","ENST00000636447.1",0,"ENSG00000148737","TCF7L2","transcription factor 7 like 2"
"chr10",113131327,113132234,908,"*","Promoter (<=1kb)",10,113132022,113151758,19737,1,"6934","ENST00000636309.1",0,"ENSG00000148737","TCF7L2","transcription factor 7 like 2"
"chr10",113132650,113133000,351,"*","Promoter (<=1kb)",10,113132896,113146094,13199,1,"6934","ENST00000636585.1",0,"ENSG00000148737","TCF7L2","transcription factor 7 like 2"
"chr10",113135098,113135298,201,"*","Promoter (2-3kb)",10,113132948,113165656,32709,1,"6934","ENST00000704421.1",2150,"ENSG00000148737","TCF7L2","transcription factor 7 like 2"
"chr10",113139037,113139277,241,"*","Promoter (1-2kb)",10,113141220,113165622,24403,1,"6934","ENST00000704422.1",-1943,"ENSG00000148737","TCF7L2","transcription factor 7 like 2"
"chr10",113141091,113141587,497,"*","Promoter (<=1kb)",10,113141220,113165622,24403,1,"6934","ENST00000704422.1",0,"ENSG00000148737","TCF7L2","transcription factor 7 like 2"
"chr10",113142591,113142833,243,"*","Promoter (1-2kb)",10,113141220,113165622,24403,1,"6934","ENST00000704422.1",1371,"ENSG00000148737","TCF7L2","transcription factor 7 like 2"
"chr10",113151184,113152018,835,"*","Promoter (<=1kb)",10,113151831,113165940,14110,1,"6934","ENST00000470254.1",0,"ENSG00000148737","TCF7L2","transcription factor 7 like 2"
"chr10",113153417,113154243,827,"*","Promoter (1-2kb)",10,113152414,113165961,13548,1,"6934","ENST00000480888.1",1003,"ENSG00000148737","TCF7L2","transcription factor 7 like 2"
"chr10",113157884,113158102,219,"*","Promoter (<=1kb)",10,113157773,113165587,7815,1,"6934","ENST00000471569.1",111,"ENSG00000148737","TCF7L2","transcription factor 7 like 2"
"chr10",113158302,113158546,245,"*","Promoter (<=1kb)",10,113157773,113165587,7815,1,"6934","ENST00000471569.1",529,"ENSG00000148737","TCF7L2","transcription factor 7 like 2"
"chr10",113163566,113164138,573,"*","Promoter (2-3kb)",10,113161231,113165681,4451,1,"6934","ENST00000494353.1",2335,"ENSG00000148737","TCF7L2","transcription factor 7 like 2"
"chr10",113165322,113165565,244,"*","3' UTR",10,113161231,113165681,4451,1,"6934","ENST00000494353.1",4091,"ENSG00000148737","TCF7L2","transcription factor 7 like 2"
"chr10",113165609,113165858,250,"*","3' UTR",10,113161231,113165681,4451,1,"6934","ENST00000494353.1",4378,"ENSG00000148737","TCF7L2","transcription factor 7 like 2"
"chr10",113168377,113168930,554,"*","Distal Intergenic",10,113161231,113165681,4451,1,"6934","ENST00000494353.1",7146,"ENSG00000148737","TCF7L2","transcription factor 7 like 2"
"chr10",113168989,113169189,201,"*","Distal Intergenic",10,113161231,113165681,4451,1,"6934","ENST00000494353.1",7758,"ENSG00000148737","TCF7L2","transcription factor 7 like 2"
"chr10",113169231,113169599,369,"*","Distal Intergenic",10,113161231,113165681,4451,1,"6934","ENST00000494353.1",8000,"ENSG00000148737","TCF7L2","transcription factor 7 like 2"
"chr10",113169667,113170499,833,"*","Distal Intergenic",10,113161231,113165681,4451,1,"6934","ENST00000494353.1",8436,"ENSG00000148737","TCF7L2","transcription factor 7 like 2"
"chr10",113171809,113172142,334,"*","Distal Intergenic",10,113161231,113165681,4451,1,"6934","ENST00000494353.1",10578,"ENSG00000148737","TCF7L2","transcription factor 7 like 2"
"chr10",113176721,113177143,423,"*","Distal Intergenic",10,113161231,113165681,4451,1,"6934","ENST00000494353.1",15490,"ENSG00000148737","TCF7L2","transcription factor 7 like 2"
"chr10",113179119,113179705,587,"*","Intron (ENST00000849450.1/ENST00000849450.1, intron 3 of 3)",10,113161231,113165681,4451,1,"6934","ENST00000494353.1",17888,"ENSG00000148737","TCF7L2","transcription factor 7 like 2"
"chr10",113180536,113180805,270,"*","Intron (ENST00000849450.1/ENST00000849450.1, intron 3 of 3)",10,113161231,113165681,4451,1,"6934","ENST00000494353.1",19305,"ENSG00000148737","TCF7L2","transcription factor 7 like 2"
"chr10",113181665,113181893,229,"*","Intron (ENST00000849450.1/ENST00000849450.1, intron 3 of 3)",10,113161231,113165681,4451,1,"6934","ENST00000494353.1",20434,"ENSG00000148737","TCF7L2","transcription factor 7 like 2"
"chr10",113182331,113182542,212,"*","Intron (ENST00000849450.1/ENST00000849450.1, intron 3 of 3)",10,113161231,113165681,4451,1,"6934","ENST00000494353.1",21100,"ENSG00000148737","TCF7L2","transcription factor 7 like 2"
"chr10",113183653,113183867,215,"*","Intron (ENST00000849450.1/ENST00000849450.1, intron 3 of 3)",10,113161231,113165681,4451,1,"6934","ENST00000494353.1",22422,"ENSG00000148737","TCF7L2","transcription factor 7 like 2"
"chr10",113187137,113187419,283,"*","Intron (ENST00000849450.1/ENST00000849450.1, intron 3 of 3)",10,113161231,113165681,4451,1,"6934","ENST00000494353.1",25906,"ENSG00000148737","TCF7L2","transcription factor 7 like 2"
"chr10",113201112,113201443,332,"*","Intron (ENST00000849450.1/ENST00000849450.1, intron 3 of 3)",10,113161231,113165681,4451,1,"6934","ENST00000494353.1",39881,"ENSG00000148737","TCF7L2","transcription factor 7 like 2"
"chr10",113223817,113224111,295,"*","Intron (ENST00000732732.1/ENST00000732732.1, intron 2 of 2)",10,113161231,113165681,4451,1,"6934","ENST00000494353.1",62586,"ENSG00000148737","TCF7L2","transcription factor 7 like 2"
"chr10",113233004,113233459,456,"*","Distal Intergenic",10,113161231,113165681,4451,1,"6934","ENST00000494353.1",71773,"ENSG00000148737","TCF7L2","transcription factor 7 like 2"
"chr10",113235548,113235954,407,"*","Distal Intergenic",10,113161231,113165681,4451,1,"6934","ENST00000494353.1",74317,"ENSG00000148737","TCF7L2","transcription factor 7 like 2"
"chr10",113239556,113239900,345,"*","Distal Intergenic",10,113161231,113165681,4451,1,"6934","ENST00000494353.1",78325,"ENSG00000148737","TCF7L2","transcription factor 7 like 2"
"chr10",113240765,113241161,397,"*","Distal Intergenic",10,113161231,113165681,4451,1,"6934","ENST00000494353.1",79534,"ENSG00000148737","TCF7L2","transcription factor 7 like 2"
"chr10",113265064,113265270,207,"*","Intron (ENST00000818152.1/ENST00000818152.1, intron 1 of 1)",10,113161231,113165681,4451,1,"6934","ENST00000494353.1",103833,"ENSG00000148737","TCF7L2","transcription factor 7 like 2"
"chr10",113267618,113268489,872,"*","Intron (ENST00000818152.1/ENST00000818152.1, intron 1 of 1)",10,113161231,113165681,4451,1,"6934","ENST00000494353.1",106387,"ENSG00000148737","TCF7L2","transcription factor 7 like 2"
"chr10",113272588,113272850,263,"*","Exon (ENST00000818346.1/ENST00000818346.1, exon 1 of 2)",10,113161231,113165681,4451,1,"6934","ENST00000494353.1",111357,"ENSG00000148737","TCF7L2","transcription factor 7 like 2"
"chr10",113273129,113274063,935,"*","Exon (ENST00000818346.1/ENST00000818346.1, exon 1 of 2)",10,113161231,113165681,4451,1,"6934","ENST00000494353.1",111898,"ENSG00000148737","TCF7L2","transcription factor 7 like 2"
"chr10",113274297,113274517,221,"*","Intron (ENST00000818152.1/ENST00000818152.1, intron 1 of 1)",10,113161231,113165681,4451,1,"6934","ENST00000494353.1",113066,"ENSG00000148737","TCF7L2","transcription factor 7 like 2"
"chr10",113280433,113280633,201,"*","Intron (ENST00000818152.1/ENST00000818152.1, intron 1 of 1)",10,113161231,113165681,4451,1,"6934","ENST00000494353.1",119202,"ENSG00000148737","TCF7L2","transcription factor 7 like 2"
"chr10",113281039,113281295,257,"*","Intron (ENST00000818152.1/ENST00000818152.1, intron 1 of 1)",10,113161231,113165681,4451,1,"6934","ENST00000494353.1",119808,"ENSG00000148737","TCF7L2","transcription factor 7 like 2"
"chr10",113283253,113283575,323,"*","Intron (ENST00000818152.1/ENST00000818152.1, intron 1 of 1)",10,113161231,113165681,4451,1,"6934","ENST00000494353.1",122022,"ENSG00000148737","TCF7L2","transcription factor 7 like 2"
"chr10",113292021,113292470,450,"*","Intron (ENST00000818152.1/ENST00000818152.1, intron 1 of 1)",10,113161231,113165681,4451,1,"6934","ENST00000494353.1",130790,"ENSG00000148737","TCF7L2","transcription factor 7 like 2"
"chr10",113292809,113293359,551,"*","Intron (ENST00000818152.1/ENST00000818152.1, intron 1 of 1)",10,113161231,113165681,4451,1,"6934","ENST00000494353.1",131578,"ENSG00000148737","TCF7L2","transcription factor 7 like 2"
"chr10",113294938,113295248,311,"*","Intron (ENST00000818152.1/ENST00000818152.1, intron 1 of 1)",10,113161231,113165681,4451,1,"6934","ENST00000494353.1",133707,"ENSG00000148737","TCF7L2","transcription factor 7 like 2"
"chr10",113300492,113301054,563,"*","Intron (ENST00000818152.1/ENST00000818152.1, intron 1 of 1)",10,113161231,113165681,4451,1,"6934","ENST00000494353.1",139261,"ENSG00000148737","TCF7L2","transcription factor 7 like 2"
"chr10",113303821,113304089,269,"*","Intron (ENST00000818152.1/ENST00000818152.1, intron 1 of 1)",10,113161231,113165681,4451,1,"6934","ENST00000494353.1",142590,"ENSG00000148737","TCF7L2","transcription factor 7 like 2"
"chr10",113310273,113310817,545,"*","Intron (ENST00000818152.1/ENST00000818152.1, intron 1 of 1)",10,113161231,113165681,4451,1,"6934","ENST00000494353.1",149042,"ENSG00000148737","TCF7L2","transcription factor 7 like 2"
"chr10",113313155,113313575,421,"*","Intron (ENST00000818152.1/ENST00000818152.1, intron 1 of 1)",10,113161231,113165681,4451,1,"6934","ENST00000494353.1",151924,"ENSG00000148737","TCF7L2","transcription factor 7 like 2"
"chr10",113315021,113315306,286,"*","Intron (ENST00000818152.1/ENST00000818152.1, intron 1 of 1)",10,113161231,113165681,4451,1,"6934","ENST00000494353.1",153790,"ENSG00000148737","TCF7L2","transcription factor 7 like 2"
"chr10",113317571,113317808,238,"*","Intron (ENST00000818152.1/ENST00000818152.1, intron 1 of 1)",10,113161231,113165681,4451,1,"6934","ENST00000494353.1",156340,"ENSG00000148737","TCF7L2","transcription factor 7 like 2"
"chr10",113320280,113320493,214,"*","Intron (ENST00000818152.1/ENST00000818152.1, intron 1 of 1)",10,113161231,113165681,4451,1,"6934","ENST00000494353.1",159049,"ENSG00000148737","TCF7L2","transcription factor 7 like 2"
"chr10",113320982,113321372,391,"*","Intron (ENST00000818152.1/ENST00000818152.1, intron 1 of 1)",10,113161231,113165681,4451,1,"6934","ENST00000494353.1",159751,"ENSG00000148737","TCF7L2","transcription factor 7 like 2"
"chr10",113321725,113322048,324,"*","Intron (ENST00000818152.1/ENST00000818152.1, intron 1 of 1)",10,113161231,113165681,4451,1,"6934","ENST00000494353.1",160494,"ENSG00000148737","TCF7L2","transcription factor 7 like 2"
"chr10",113322832,113323254,423,"*","Intron (ENST00000818152.1/ENST00000818152.1, intron 1 of 1)",10,113161231,113165681,4451,1,"6934","ENST00000494353.1",161601,"ENSG00000148737","TCF7L2","transcription factor 7 like 2"
"chr10",113326166,113326486,321,"*","Intron (ENST00000818152.1/ENST00000818152.1, intron 1 of 1)",10,113161231,113165681,4451,1,"6934","ENST00000494353.1",164935,"ENSG00000148737","TCF7L2","transcription factor 7 like 2"
"chr16",53714515,53714834,320,"*","Intron (ENST00000636491.1/79068, intron 2 of 9)",16,53704182,54112087,407906,1,"79068","ENST00000464071.1",10333,"ENSG00000140718","FTO","FTO alpha-ketoglutarate dependent dioxygenase"
"chr16",53726716,53726929,214,"*","Intron (ENST00000636491.1/79068, intron 2 of 9)",16,53704182,54112087,407906,1,"79068","ENST00000464071.1",22534,"ENSG00000140718","FTO","FTO alpha-ketoglutarate dependent dioxygenase"
"chr16",53732342,53732938,597,"*","Intron (ENST00000636491.1/79068, intron 2 of 9)",16,53704182,54112087,407906,1,"79068","ENST00000464071.1",28160,"ENSG00000140718","FTO","FTO alpha-ketoglutarate dependent dioxygenase"
"chr16",53742235,53742435,201,"*","Intron (ENST00000636491.1/79068, intron 2 of 9)",16,53704182,54112087,407906,1,"79068","ENST00000464071.1",38053,"ENSG00000140718","FTO","FTO alpha-ketoglutarate dependent dioxygenase"
"chr16",53742971,53743420,450,"*","Intron (ENST00000636491.1/79068, intron 2 of 9)",16,53704182,54112087,407906,1,"79068","ENST00000464071.1",38789,"ENSG00000140718","FTO","FTO alpha-ketoglutarate dependent dioxygenase"
"chr16",53744507,53744854,348,"*","Intron (ENST00000636491.1/79068, intron 2 of 9)",16,53704182,54112087,407906,1,"79068","ENST00000464071.1",40325,"ENSG00000140718","FTO","FTO alpha-ketoglutarate dependent dioxygenase"
"chr16",53745033,53745359,327,"*","Intron (ENST00000636491.1/79068, intron 2 of 9)",16,53704182,54112087,407906,1,"79068","ENST00000464071.1",40851,"ENSG00000140718","FTO","FTO alpha-ketoglutarate dependent dioxygenase"
"chr16",53755532,53755841,310,"*","Intron (ENST00000636491.1/79068, intron 2 of 9)",16,53704182,54112087,407906,1,"79068","ENST00000464071.1",51350,"ENSG00000140718","FTO","FTO alpha-ketoglutarate dependent dioxygenase"
"chr16",53756350,53756550,201,"*","Intron (ENST00000636491.1/79068, intron 2 of 9)",16,53704182,54112087,407906,1,"79068","ENST00000464071.1",52168,"ENSG00000140718","FTO","FTO alpha-ketoglutarate dependent dioxygenase"
"chr16",53756701,53757036,336,"*","Intron (ENST00000636491.1/79068, intron 2 of 9)",16,53704182,54112087,407906,1,"79068","ENST00000464071.1",52519,"ENSG00000140718","FTO","FTO alpha-ketoglutarate dependent dioxygenase"
"chr16",53758275,53758528,254,"*","Intron (ENST00000636491.1/79068, intron 2 of 9)",16,53704182,54112087,407906,1,"79068","ENST00000464071.1",54093,"ENSG00000140718","FTO","FTO alpha-ketoglutarate dependent dioxygenase"
"chr16",53761913,53762683,771,"*","Intron (ENST00000636491.1/79068, intron 2 of 9)",16,53704182,54112087,407906,1,"79068","ENST00000464071.1",57731,"ENSG00000140718","FTO","FTO alpha-ketoglutarate dependent dioxygenase"
"chr16",53768532,53769005,474,"*","Intron (ENST00000636491.1/79068, intron 2 of 9)",16,53826361,54040726,214366,1,"79068","ENST00000563011.2",-57356,"ENSG00000140718","FTO","FTO alpha-ketoglutarate dependent dioxygenase"
"chr16",53773172,53773666,495,"*","Intron (ENST00000636491.1/79068, intron 2 of 9)",16,53826361,54040726,214366,1,"79068","ENST00000563011.2",-52695,"ENSG00000140718","FTO","FTO alpha-ketoglutarate dependent dioxygenase"
"chr16",53775623,53776554,932,"*","Intron (ENST00000636491.1/79068, intron 2 of 9)",16,53826361,54040726,214366,1,"79068","ENST00000563011.2",-49807,"ENSG00000140718","FTO","FTO alpha-ketoglutarate dependent dioxygenase"
"chr16",53781149,53781702,554,"*","Intron (ENST00000636491.1/79068, intron 2 of 9)",16,53826361,54040726,214366,1,"79068","ENST00000563011.2",-44659,"ENSG00000140718","FTO","FTO alpha-ketoglutarate dependent dioxygenase"
"chr16",53782062,53782519,458,"*","Intron (ENST00000636491.1/79068, intron 2 of 9)",16,53826361,54040726,214366,1,"79068","ENST00000563011.2",-43842,"ENSG00000140718","FTO","FTO alpha-ketoglutarate dependent dioxygenase"
"chr16",53795320,53795546,227,"*","Intron (ENST00000636491.1/79068, intron 2 of 9)",16,53826361,54040726,214366,1,"79068","ENST00000563011.2",-30815,"ENSG00000140718","FTO","FTO alpha-ketoglutarate dependent dioxygenase"
"chr16",53812976,53813243,268,"*","Intron (ENST00000636491.1/79068, intron 3 of 9)",16,53826361,54040726,214366,1,"79068","ENST00000563011.2",-13118,"ENSG00000140718","FTO","FTO alpha-ketoglutarate dependent dioxygenase"
"chr16",53817216,53817428,213,"*","Intron (ENST00000636491.1/79068, intron 3 of 9)",16,53826361,54040726,214366,1,"79068","ENST00000563011.2",-8933,"ENSG00000140718","FTO","FTO alpha-ketoglutarate dependent dioxygenase"
"chr16",53822010,53822256,247,"*","Intron (ENST00000636491.1/79068, intron 3 of 9)",16,53826361,54040726,214366,1,"79068","ENST00000563011.2",-4105,"ENSG00000140718","FTO","FTO alpha-ketoglutarate dependent dioxygenase"
"chr16",53823152,53823481,330,"*","Promoter (2-3kb)",16,53826361,54040726,214366,1,"79068","ENST00000563011.2",-2880,"ENSG00000140718","FTO","FTO alpha-ketoglutarate dependent dioxygenase"
"chr16",53840487,53840856,370,"*","Intron (ENST00000636491.1/79068, intron 4 of 9)",16,53826361,54040726,214366,1,"79068","ENST00000563011.2",14126,"ENSG00000140718","FTO","FTO alpha-ketoglutarate dependent dioxygenase"
"chr16",53846616,53846861,246,"*","Intron (ENST00000636491.1/79068, intron 5 of 9)",16,53826361,54040726,214366,1,"79068","ENST00000563011.2",20255,"ENSG00000140718","FTO","FTO alpha-ketoglutarate dependent dioxygenase"
"chr16",53847134,53847392,259,"*","Intron (ENST00000636491.1/79068, intron 5 of 9)",16,53826361,54040726,214366,1,"79068","ENST00000563011.2",20773,"ENSG00000140718","FTO","FTO alpha-ketoglutarate dependent dioxygenase"
"chr16",53848689,53848893,205,"*","Intron (ENST00000636491.1/79068, intron 5 of 9)",16,53826361,54040726,214366,1,"79068","ENST00000563011.2",22328,"ENSG00000140718","FTO","FTO alpha-ketoglutarate dependent dioxygenase"
"chr16",53865172,53865900,729,"*","Intron (ENST00000636491.1/79068, intron 5 of 9)",16,53879844,54153448,273605,1,"79068","ENST00000612285.2",-13944,"ENSG00000140718","FTO","FTO alpha-ketoglutarate dependent dioxygenase"
"chr16",53872309,53872517,209,"*","Intron (ENST00000636491.1/79068, intron 5 of 9)",16,53879844,54153448,273605,1,"79068","ENST00000612285.2",-7327,"ENSG00000140718","FTO","FTO alpha-ketoglutarate dependent dioxygenase"
"chr16",53878196,53878516,321,"*","Promoter (1-2kb)",16,53879844,54153448,273605,1,"79068","ENST00000612285.2",-1328,"ENSG00000140718","FTO","FTO alpha-ketoglutarate dependent dioxygenase"
"chr16",53881378,53881781,404,"*","Promoter (1-2kb)",16,53879844,54153448,273605,1,"79068","ENST00000612285.2",1534,"ENSG00000140718","FTO","FTO alpha-ketoglutarate dependent dioxygenase"
"chr16",53892085,53892406,322,"*","Intron (ENST00000636491.1/79068, intron 8 of 9)",16,53888894,53935847,46954,1,"79068","ENST00000637062.1",3191,"ENSG00000140718","FTO","FTO alpha-ketoglutarate dependent dioxygenase"
"chr16",53892854,53893160,307,"*","Intron (ENST00000636491.1/79068, intron 8 of 9)",16,53888894,53935847,46954,1,"79068","ENST00000637062.1",3960,"ENSG00000140718","FTO","FTO alpha-ketoglutarate dependent dioxygenase"
"chr16",53894152,53894385,234,"*","Intron (ENST00000636491.1/79068, intron 8 of 9)",16,53888894,53935847,46954,1,"79068","ENST00000637062.1",5258,"ENSG00000140718","FTO","FTO alpha-ketoglutarate dependent dioxygenase"
"chr16",53899062,53899355,294,"*","Intron (ENST00000636491.1/79068, intron 8 of 9)",16,53888894,53935847,46954,1,"79068","ENST00000637062.1",10168,"ENSG00000140718","FTO","FTO alpha-ketoglutarate dependent dioxygenase"
"chr16",53911446,53912051,606,"*","Promoter (<=1kb)",16,53911256,54114463,203208,1,"79068","ENST00000463855.1",190,"ENSG00000140718","FTO","FTO alpha-ketoglutarate dependent dioxygenase"
"chr16",53912138,53912544,407,"*","Promoter (<=1kb)",16,53911256,54114463,203208,1,"79068","ENST00000463855.1",882,"ENSG00000140718","FTO","FTO alpha-ketoglutarate dependent dioxygenase"
"chr16",53913105,53913501,397,"*","Promoter (1-2kb)",16,53911256,54114463,203208,1,"79068","ENST00000463855.1",1849,"ENSG00000140718","FTO","FTO alpha-ketoglutarate dependent dioxygenase"
"chr16",53927391,53927600,210,"*","Intron (ENST00000636491.1/79068, intron 8 of 9)",16,53923056,54112632,189577,1,"79068","ENST00000635892.1",4335,"ENSG00000140718","FTO","FTO alpha-ketoglutarate dependent dioxygenase"
"chr16",53937094,53937477,384,"*","3' UTR",16,53934030,54114463,180434,1,"79068","ENST00000268349.7",3064,"ENSG00000140718","FTO","FTO alpha-ketoglutarate dependent dioxygenase"
"chr16",53945944,53946324,381,"*","Intron (ENST00000636491.1/79068, intron 9 of 9)",16,53934030,54114463,180434,1,"79068","ENST00000268349.7",11914,"ENSG00000140718","FTO","FTO alpha-ketoglutarate dependent dioxygenase"
"chr16",53949678,53950021,344,"*","Intron (ENST00000636491.1/79068, intron 9 of 9)",16,53934030,54114463,180434,1,"79068","ENST00000268349.7",15648,"ENSG00000140718","FTO","FTO alpha-ketoglutarate dependent dioxygenase"
"chr16",53952301,53952914,614,"*","Intron (ENST00000636491.1/79068, intron 9 of 9)",16,53934030,54114463,180434,1,"79068","ENST00000268349.7",18271,"ENSG00000140718","FTO","FTO alpha-ketoglutarate dependent dioxygenase"
"chr16",53955200,53955966,767,"*","Intron (ENST00000636491.1/79068, intron 9 of 9)",16,53934030,54114463,180434,1,"79068","ENST00000268349.7",21170,"ENSG00000140718","FTO","FTO alpha-ketoglutarate dependent dioxygenase"
"chr16",53960894,53961202,309,"*","Intron (ENST00000636491.1/79068, intron 9 of 9)",16,53934030,54114463,180434,1,"79068","ENST00000268349.7",26864,"ENSG00000140718","FTO","FTO alpha-ketoglutarate dependent dioxygenase"
"chr16",53963504,53963950,447,"*","Intron (ENST00000636491.1/79068, intron 9 of 9)",16,53934030,54114463,180434,1,"79068","ENST00000268349.7",29474,"ENSG00000140718","FTO","FTO alpha-ketoglutarate dependent dioxygenase"
"chr16",53964170,53964493,324,"*","Intron (ENST00000636491.1/79068, intron 9 of 9)",16,53934030,54114463,180434,1,"79068","ENST00000268349.7",30140,"ENSG00000140718","FTO","FTO alpha-ketoglutarate dependent dioxygenase"
"chr16",53982472,53983169,698,"*","Intron (ENST00000636491.1/79068, intron 9 of 9)",16,53934030,54114463,180434,1,"79068","ENST00000268349.7",48442,"ENSG00000140718","FTO","FTO alpha-ketoglutarate dependent dioxygenase"
"chr16",53991822,53992074,253,"*","Exon (ENST00000624987.1/ENST00000624987.1, exon 1 of 1)",16,53934030,54114463,180434,1,"79068","ENST00000268349.7",57792,"ENSG00000140718","FTO","FTO alpha-ketoglutarate dependent dioxygenase"
"chr16",54062434,54063888,1455,"*","Promoter (<=1kb)",16,54063637,54112302,48666,1,"79068","ENST00000472835.1",0,"ENSG00000140718","FTO","FTO alpha-ketoglutarate dependent dioxygenase"
"chr16",54066468,54066883,416,"*","Promoter (2-3kb)",16,54063637,54112302,48666,1,"79068","ENST00000472835.1",2831,"ENSG00000140718","FTO","FTO alpha-ketoglutarate dependent dioxygenase"
"chr16",54075992,54076456,465,"*","Intron (ENST00000636992.1/79068, intron 8 of 8)",16,54069896,54114439,44544,1,"79068","ENST00000636091.1",6096,"ENSG00000140718","FTO","FTO alpha-ketoglutarate dependent dioxygenase"
"chr16",54077456,54077749,294,"*","Intron (ENST00000636992.1/79068, intron 8 of 8)",16,54069896,54114439,44544,1,"79068","ENST00000636091.1",7560,"ENSG00000140718","FTO","FTO alpha-ketoglutarate dependent dioxygenase"
"chr16",54080538,54081261,724,"*","Intron (ENST00000636992.1/79068, intron 8 of 8)",16,54069896,54114439,44544,1,"79068","ENST00000636091.1",10642,"ENSG00000140718","FTO","FTO alpha-ketoglutarate dependent dioxygenase"
"chr16",54103291,54103926,636,"*","Intron (ENST00000636992.1/79068, intron 8 of 8)",16,54069896,54114439,44544,1,"79068","ENST00000636091.1",33395,"ENSG00000140718","FTO","FTO alpha-ketoglutarate dependent dioxygenase"
"chr16",54105673,54106394,722,"*","Intron (ENST00000636992.1/79068, intron 8 of 8)",16,54069896,54114439,44544,1,"79068","ENST00000636091.1",35777,"ENSG00000140718","FTO","FTO alpha-ketoglutarate dependent dioxygenase"
"chr16",54114086,54114310,225,"*","3' UTR",16,54069896,54114439,44544,1,"79068","ENST00000636091.1",44190,"ENSG00000140718","FTO","FTO alpha-ketoglutarate dependent dioxygenase"
"chr16",54115323,54115771,449,"*","3' UTR",16,54069896,54114439,44544,1,"79068","ENST00000636091.1",45427,"ENSG00000140718","FTO","FTO alpha-ketoglutarate dependent dioxygenase"
"chr16",54115891,54116438,548,"*","3' UTR",16,54069896,54114439,44544,1,"79068","ENST00000636091.1",45995,"ENSG00000140718","FTO","FTO alpha-ketoglutarate dependent dioxygenase"
"chr16",54124870,54125557,688,"*","Intron (ENST00000637969.1/79068, intron 9 of 10)",16,54069896,54114439,44544,1,"79068","ENST00000636091.1",54974,"ENSG00000140718","FTO","FTO alpha-ketoglutarate dependent dioxygenase"
"chr16",54125708,54126173,466,"*","Intron (ENST00000637969.1/79068, intron 9 of 10)",16,54069896,54114439,44544,1,"79068","ENST00000636091.1",55812,"ENSG00000140718","FTO","FTO alpha-ketoglutarate dependent dioxygenase"
"chr16",54128714,54128964,251,"*","Intron (ENST00000637969.1/79068, intron 9 of 10)",16,54069896,54114439,44544,1,"79068","ENST00000636091.1",58818,"ENSG00000140718","FTO","FTO alpha-ketoglutarate dependent dioxygenase"
"chr16",54165150,54165952,803,"*","Distal Intergenic",16,54069896,54114439,44544,1,"79068","ENST00000636091.1",95254,"ENSG00000140718","FTO","FTO alpha-ketoglutarate dependent dioxygenase"
"chr16",56952993,56953380,388,"*","Distal Intergenic",16,56961923,56983844,21922,1,"1071","ENST00000379780.6",-8543,"ENSG00000087237","CETP","cholesteryl ester transfer protein"
"chr16",56960500,56961011,512,"*","Promoter (<=1kb)",16,56961923,56983844,21922,1,"1071","ENST00000379780.6",-912,"ENSG00000087237","CETP","cholesteryl ester transfer protein"
"chr16",56961049,56961256,208,"*","Promoter (<=1kb)",16,56961923,56983844,21922,1,"1071","ENST00000379780.6",-667,"ENSG00000087237","CETP","cholesteryl ester transfer protein"
"chr16",56961390,56962098,709,"*","Promoter (<=1kb)",16,56961923,56983844,21922,1,"1071","ENST00000379780.6",0,"ENSG00000087237","CETP","cholesteryl ester transfer protein"
"chr16",56964213,56965252,1040,"*","Promoter (2-3kb)",16,56962107,56983845,21739,1,"1071","ENST00000566128.1",2106,"ENSG00000087237","CETP","cholesteryl ester transfer protein"
"chr16",56966164,56966438,275,"*","Intron (ENST00000379780.6/1071, intron 2 of 14)",16,56962107,56983845,21739,1,"1071","ENST00000566128.1",4057,"ENSG00000087237","CETP","cholesteryl ester transfer protein"
"chr16",56967736,56968338,603,"*","Intron (ENST00000379780.6/1071, intron 2 of 14)",16,56962107,56983845,21739,1,"1071","ENST00000566128.1",5629,"ENSG00000087237","CETP","cholesteryl ester transfer protein"
"chr16",56979464,56980417,954,"*","Promoter (2-3kb)",16,56976712,56983392,6681,1,"1071","ENST00000650358.1",2752,"ENSG00000087237","CETP","cholesteryl ester transfer protein"
"chr17",17811797,17812030,234,"*","Promoter (1-2kb)",17,17811356,17813442,2087,2,"6720","ENST00000578469.1",1412,"ENSG00000072310","SREBF1","sterol regulatory element binding transcription factor 1"
"chr17",17812070,17813071,1002,"*","Promoter (<=1kb)",17,17811356,17813442,2087,2,"6720","ENST00000578469.1",371,"ENSG00000072310","SREBF1","sterol regulatory element binding transcription factor 1"
"chr17",17818065,17818539,475,"*","Promoter (<=1kb)",17,17812073,17818327,6255,2,"6720","ENST00000395756.5",0,"ENSG00000072310","SREBF1","sterol regulatory element binding transcription factor 1"
"chr17",17819693,17820042,350,"*","Promoter (<=1kb)",17,17812073,17819951,7879,2,"6720","ENST00000662439.1",0,"ENSG00000072310","SREBF1","sterol regulatory element binding transcription factor 1"
"chr17",17820535,17820774,240,"*","Promoter (<=1kb)",17,17819121,17820510,1390,2,"6720","ENST00000577897.2",-25,"ENSG00000072310","SREBF1","sterol regulatory element binding transcription factor 1"
"chr17",17822212,17822489,278,"*","Promoter (1-2kb)",17,17820008,17823594,3587,2,"6720","ENST00000476994.1",1105,"ENSG00000072310","SREBF1","sterol regulatory element binding transcription factor 1"
"chr17",17823445,17824364,920,"*","Promoter (<=1kb)",17,17819027,17823618,4592,2,"6720","ENST00000423161.3",0,"ENSG00000072310","SREBF1","sterol regulatory element binding transcription factor 1"
"chr17",17824952,17825153,202,"*","Promoter (1-2kb)",17,17819027,17823618,4592,2,"6720","ENST00000423161.3",-1334,"ENSG00000072310","SREBF1","sterol regulatory element binding transcription factor 1"
"chr17",17830032,17830332,301,"*","Intron (ENST00000261646.11/6720, intron 1 of 18)",17,17819027,17823618,4592,2,"6720","ENST00000423161.3",-6414,"ENSG00000072310","SREBF1","sterol regulatory element binding transcription factor 1"
"chr17",17830524,17831214,691,"*","Intron (ENST00000261646.11/6720, intron 1 of 18)",17,17811334,17836986,25653,2,"6720","ENST00000261646.11",5772,"ENSG00000072310","SREBF1","sterol regulatory element binding transcription factor 1"
"chr17",17831250,17831625,376,"*","Intron (ENST00000261646.11/6720, intron 1 of 18)",17,17811334,17836986,25653,2,"6720","ENST00000261646.11",5361,"ENSG00000072310","SREBF1","sterol regulatory element binding transcription factor 1"
"chr17",17831807,17832043,237,"*","Intron (ENST00000261646.11/6720, intron 1 of 18)",17,17811334,17836986,25653,2,"6720","ENST00000261646.11",4943,"ENSG00000072310","SREBF1","sterol regulatory element binding transcription factor 1"
"chr17",17834920,17835238,319,"*","Promoter (1-2kb)",17,17811334,17836986,25653,2,"6720","ENST00000261646.11",1748,"ENSG00000072310","SREBF1","sterol regulatory element binding transcription factor 1"
"chr17",17836095,17837163,1069,"*","Promoter (<=1kb)",17,17811334,17836986,25653,2,"6720","ENST00000261646.11",0,"ENSG00000072310","SREBF1","sterol regulatory element binding transcription factor 1"
"chr17",17837437,17837701,265,"*","Promoter (<=1kb)",17,17811356,17837002,25647,2,"6720","ENST00000395757.6",-435,"ENSG00000072310","SREBF1","sterol regulatory element binding transcription factor 1"
"chr17",17839816,17840730,915,"*","Promoter (2-3kb)",17,17811356,17837002,25647,2,"6720","ENST00000395757.6",-2814,"ENSG00000072310","SREBF1","sterol regulatory element binding transcription factor 1"
"chr19",7113694,7113957,264,"*","3' UTR",19,7120620,7123158,2539,2,"3643","ENST00000601099.1",9201,"ENSG00000171105","INSR","insulin receptor"
"chr19",7117018,7117810,793,"*","3' UTR",19,7120620,7123158,2539,2,"3643","ENST00000601099.1",5348,"ENSG00000171105","INSR","insulin receptor"
"chr19",7118030,7118276,247,"*","Intron (ENST00000341500.9/3643, intron 20 of 20)",19,7120620,7123158,2539,2,"3643","ENST00000601099.1",4882,"ENSG00000171105","INSR","insulin receptor"
"chr19",7122884,7123157,274,"*","Promoter (<=1kb)",19,7120620,7123158,2539,2,"3643","ENST00000601099.1",1,"ENSG00000171105","INSR","insulin receptor"
"chr19",7124777,7125752,976,"*","Promoter (<=1kb)",19,7122570,7125386,2817,2,"3643","ENST00000593970.1",0,"ENSG00000171105","INSR","insulin receptor"
"chr19",7125952,7126341,390,"*","Promoter (<=1kb)",19,7122570,7125386,2817,2,"3643","ENST00000593970.1",-566,"ENSG00000171105","INSR","insulin receptor"
"chr19",7134833,7135675,843,"*","Intron (ENST00000341500.9/3643, intron 12 of 20)",19,7141510,7143040,1531,2,"3643","ENST00000597211.1",7365,"ENSG00000171105","INSR","insulin receptor"
"chr19",7141671,7142408,738,"*","Promoter (<=1kb)",19,7141510,7143040,1531,2,"3643","ENST00000597211.1",632,"ENSG00000171105","INSR","insulin receptor"
"chr19",7145345,7145978,634,"*","Promoter (2-3kb)",19,7141510,7143040,1531,2,"3643","ENST00000597211.1",-2305,"ENSG00000171105","INSR","insulin receptor"
"chr19",7146114,7146434,321,"*","Intron (ENST00000341500.9/3643, intron 10 of 20)",19,7141510,7143040,1531,2,"3643","ENST00000597211.1",-3074,"ENSG00000171105","INSR","insulin receptor"
"chr19",7147313,7147573,261,"*","Intron (ENST00000341500.9/3643, intron 10 of 20)",19,7141510,7143040,1531,2,"3643","ENST00000597211.1",-4273,"ENSG00000171105","INSR","insulin receptor"
"chr19",7149138,7149459,322,"*","Intron (ENST00000341500.9/3643, intron 10 of 20)",19,7141510,7143040,1531,2,"3643","ENST00000597211.1",-6098,"ENSG00000171105","INSR","insulin receptor"
"chr19",7151455,7151764,310,"*","Intron (ENST00000341500.9/3643, intron 10 of 20)",19,7141510,7143040,1531,2,"3643","ENST00000597211.1",-8415,"ENSG00000171105","INSR","insulin receptor"
"chr19",7152338,7153097,760,"*","Exon (ENST00000341500.9/3643, exon 10 of 21)",19,7141510,7143040,1531,2,"3643","ENST00000597211.1",-9298,"ENSG00000171105","INSR","insulin receptor"
"chr19",7153148,7153465,318,"*","Intron (ENST00000341500.9/3643, intron 9 of 20)",19,7141510,7143040,1531,2,"3643","ENST00000597211.1",-10108,"ENSG00000171105","INSR","insulin receptor"
"chr19",7159120,7159986,867,"*","3' UTR",19,7159423,7167978,8556,2,"3643","ENST00000600492.1",7992,"ENSG00000171105","INSR","insulin receptor"
"chr19",7168799,7169197,399,"*","Promoter (<=1kb)",19,7159423,7167978,8556,2,"3643","ENST00000600492.1",-821,"ENSG00000171105","INSR","insulin receptor"
"chr19",7178054,7178284,231,"*","Intron (ENST00000341500.9/3643, intron 3 of 20)",19,7159423,7167978,8556,2,"3643","ENST00000600492.1",-10076,"ENSG00000171105","INSR","insulin receptor"
"chr19",7178930,7179154,225,"*","Intron (ENST00000341500.9/3643, intron 3 of 20)",19,7159423,7167978,8556,2,"3643","ENST00000600492.1",-10952,"ENSG00000171105","INSR","insulin receptor"
"chr19",7179222,7179934,713,"*","Intron (ENST00000341500.9/3643, intron 3 of 20)",19,7159423,7167978,8556,2,"3643","ENST00000600492.1",-11244,"ENSG00000171105","INSR","insulin receptor"
"chr19",7180055,7180257,203,"*","Intron (ENST00000341500.9/3643, intron 3 of 20)",19,7159423,7167978,8556,2,"3643","ENST00000600492.1",-12077,"ENSG00000171105","INSR","insulin receptor"
"chr19",7181713,7181933,221,"*","Intron (ENST00000341500.9/3643, intron 3 of 20)",19,7159423,7167978,8556,2,"3643","ENST00000600492.1",-13735,"ENSG00000171105","INSR","insulin receptor"
"chr19",7247279,7247497,219,"*","Intron (ENST00000341500.9/3643, intron 2 of 20)",19,7151971,7293866,141896,2,"3643","ENST00000598216.1",46369,"ENSG00000171105","INSR","insulin receptor"
"chr19",7253375,7253886,512,"*","Intron (ENST00000341500.9/3643, intron 2 of 20)",19,7151971,7293866,141896,2,"3643","ENST00000598216.1",39980,"ENSG00000171105","INSR","insulin receptor"
"chr19",7254740,7255473,734,"*","Intron (ENST00000341500.9/3643, intron 2 of 20)",19,7151971,7293866,141896,2,"3643","ENST00000598216.1",38393,"ENSG00000171105","INSR","insulin receptor"
"chr19",7257077,7257612,536,"*","Intron (ENST00000341500.9/3643, intron 2 of 20)",19,7151971,7293866,141896,2,"3643","ENST00000598216.1",36254,"ENSG00000171105","INSR","insulin receptor"
"chr19",7257721,7258002,282,"*","Intron (ENST00000341500.9/3643, intron 2 of 20)",19,7151971,7293866,141896,2,"3643","ENST00000598216.1",35864,"ENSG00000171105","INSR","insulin receptor"
"chr19",7265752,7266452,701,"*","Intron (ENST00000341500.9/3643, intron 2 of 20)",19,7151971,7293866,141896,2,"3643","ENST00000598216.1",27414,"ENSG00000171105","INSR","insulin receptor"
"chr19",7268212,7268796,585,"*","Exon (ENST00000816520.1/ENST00000816520.1, exon 1 of 1)",19,7151971,7293866,141896,2,"3643","ENST00000598216.1",25070,"ENSG00000171105","INSR","insulin receptor"
"chr19",7271821,7272615,795,"*","Intron (ENST00000341500.9/3643, intron 1 of 20)",19,7151971,7293866,141896,2,"3643","ENST00000598216.1",21251,"ENSG00000171105","INSR","insulin receptor"
"chr19",7272891,7273212,322,"*","Intron (ENST00000341500.9/3643, intron 1 of 20)",19,7151971,7293866,141896,2,"3643","ENST00000598216.1",20654,"ENSG00000171105","INSR","insulin receptor"
"chr19",7280880,7281194,315,"*","Intron (ENST00000341500.9/3643, intron 1 of 20)",19,7151971,7293866,141896,2,"3643","ENST00000598216.1",12672,"ENSG00000171105","INSR","insulin receptor"
"chr19",7281523,7281970,448,"*","Intron (ENST00000341500.9/3643, intron 1 of 20)",19,7151971,7293866,141896,2,"3643","ENST00000598216.1",11896,"ENSG00000171105","INSR","insulin receptor"
"chr19",7283723,7284062,340,"*","Intron (ENST00000341500.9/3643, intron 1 of 20)",19,7151971,7293866,141896,2,"3643","ENST00000598216.1",9804,"ENSG00000171105","INSR","insulin receptor"
"chr19",7287669,7288237,569,"*","Intron (ENST00000341500.9/3643, intron 1 of 20)",19,7151971,7293866,141896,2,"3643","ENST00000598216.1",5629,"ENSG00000171105","INSR","insulin receptor"
"chr19",7293273,7294703,1431,"*","Promoter (<=1kb)",19,7112255,7293931,181677,2,"3643","ENST00000341500.9",0,"ENSG00000171105","INSR","insulin receptor"
"chr19",7294760,7295103,344,"*","Promoter (<=1kb)",19,7112265,7294414,182150,2,"3643","ENST00000302850.10",-346,"ENSG00000171105","INSR","insulin receptor"
"chr19",7296179,7296555,377,"*","Promoter (1-2kb)",19,7112265,7294414,182150,2,"3643","ENST00000302850.10",-1765,"ENSG00000171105","INSR","insulin receptor"
"chr19",7304268,7304586,319,"*","Exon (ENST00000795305.1/118827816, exon 4 of 4)",19,7112265,7294414,182150,2,"3643","ENST00000302850.10",-9854,"ENSG00000171105","INSR","insulin receptor"
"chr19",7306158,7306765,608,"*","Intron (ENST00000795305.1/118827816, intron 3 of 3)",19,7112265,7294414,182150,2,"3643","ENST00000302850.10",-11744,"ENSG00000171105","INSR","insulin receptor"
"chr19",7312772,7313386,615,"*","Intron (ENST00000795305.1/118827816, intron 3 of 3)",19,7112265,7294414,182150,2,"3643","ENST00000302850.10",-18358,"ENSG00000171105","INSR","insulin receptor"
"chr19",7320904,7321788,885,"*","Intron (ENST00000795305.1/118827816, intron 3 of 3)",19,7112265,7294414,182150,2,"3643","ENST00000302850.10",-26490,"ENSG00000171105","INSR","insulin receptor"
"chr19",8353785,8354481,697,"*","Distal Intergenic",19,8363299,8371230,7932,1,"51129","ENST00000597137.5",-8818,"ENSG00000167772","ANGPTL4","angiopoietin like 4"
"chr19",8355473,8356083,611,"*","Distal Intergenic",19,8363299,8371230,7932,1,"51129","ENST00000597137.5",-7216,"ENSG00000167772","ANGPTL4","angiopoietin like 4"
"chr19",8357220,8357621,402,"*","Distal Intergenic",19,8363299,8371230,7932,1,"51129","ENST00000597137.5",-5678,"ENSG00000167772","ANGPTL4","angiopoietin like 4"
"chr19",8360328,8360567,240,"*","Promoter (2-3kb)",19,8363299,8371230,7932,1,"51129","ENST00000597137.5",-2732,"ENSG00000167772","ANGPTL4","angiopoietin like 4"
"chr19",8361776,8362790,1015,"*","Promoter (<=1kb)",19,8363299,8371230,7932,1,"51129","ENST00000597137.5",-509,"ENSG00000167772","ANGPTL4","angiopoietin like 4"
"chr19",8363754,8364741,988,"*","Promoter (<=1kb)",19,8364155,8374370,10216,1,"51129","ENST00000301455.7",0,"ENSG00000167772","ANGPTL4","angiopoietin like 4"
"chr19",8367008,8367782,775,"*","Promoter (2-3kb)",19,8364398,8374370,9973,1,"51129","ENST00000594875.1",2610,"ENSG00000167772","ANGPTL4","angiopoietin like 4"
"chr19",8368350,8369067,718,"*","Exon (ENST00000830917.1/100507567, exon 3 of 3)",19,8364398,8374370,9973,1,"51129","ENST00000594875.1",3952,"ENSG00000167772","ANGPTL4","angiopoietin like 4"
"chr19",8370720,8370923,204,"*","Intron (ENST00000597137.5/51129, intron 4 of 4)",19,8364398,8374370,9973,1,"51129","ENST00000594875.1",6322,"ENSG00000167772","ANGPTL4","angiopoietin like 4"
"chr19",11090071,11090803,733,"*","Promoter (<=1kb)",19,11090579,11133816,43238,1,"3949","ENST00000252444.10",0,"ENSG00000130164","LDLR","low density lipoprotein receptor"
"chr19",11091721,11092132,412,"*","Promoter (1-2kb)",19,11090579,11133816,43238,1,"3949","ENST00000252444.10",1142,"ENSG00000130164","LDLR","low density lipoprotein receptor"
"chr19",11092193,11093172,980,"*","Promoter (1-2kb)",19,11090579,11133816,43238,1,"3949","ENST00000252444.10",1614,"ENSG00000130164","LDLR","low density lipoprotein receptor"
"chr19",11093268,11093639,372,"*","Promoter (2-3kb)",19,11090579,11133816,43238,1,"3949","ENST00000252444.10",2689,"ENSG00000130164","LDLR","low density lipoprotein receptor"
"chr19",11094928,11095417,490,"*","Intron (ENST00000559340.2/3949, intron 1 of 16)",19,11090579,11133816,43238,1,"3949","ENST00000252444.10",4349,"ENSG00000130164","LDLR","low density lipoprotein receptor"
"chr19",11096169,11096782,614,"*","Intron (ENST00000559340.2/3949, intron 1 of 16)",19,11090579,11133816,43238,1,"3949","ENST00000252444.10",5590,"ENSG00000130164","LDLR","low density lipoprotein receptor"
"chr19",11102645,11103220,576,"*","Exon (ENST00000559340.2/3949, exon 3 of 17)",19,11106356,11107515,1160,1,"3949","ENST00000558528.1",-3136,"ENSG00000130164","LDLR","low density lipoprotein receptor"
"chr19",11104988,11105720,733,"*","Promoter (<=1kb)",19,11106356,11107515,1160,1,"3949","ENST00000558528.1",-636,"ENSG00000130164","LDLR","low density lipoprotein receptor"
"chr19",11105879,11106289,411,"*","Promoter (<=1kb)",19,11106356,11107515,1160,1,"3949","ENST00000558528.1",-67,"ENSG00000130164","LDLR","low density lipoprotein receptor"
"chr19",11106454,11106888,435,"*","Promoter (<=1kb)",19,11106356,11107515,1160,1,"3949","ENST00000558528.1",98,"ENSG00000130164","LDLR","low density lipoprotein receptor"
"chr19",11111364,11112093,730,"*","Promoter (<=1kb)",19,11110713,11113481,2769,1,"3949","ENST00000560173.1",651,"ENSG00000130164","LDLR","low density lipoprotein receptor"
"chr19",44903623,44904497,875,"*","Promoter (1-2kb)",19,44905791,44908944,3154,1,"348","ENST00000446996.5",-1294,"ENSG00000130203","APOE","apolipoprotein E"
"chr19",44904566,44904913,348,"*","Promoter (<=1kb)",19,44905791,44908944,3154,1,"348","ENST00000446996.5",-878,"ENSG00000130203","APOE","apolipoprotein E"
"chr19",44905280,44906187,908,"*","Promoter (<=1kb)",19,44905791,44908944,3154,1,"348","ENST00000446996.5",0,"ENSG00000130203","APOE","apolipoprotein E"
"chr19",44906383,44906790,408,"*","Promoter (<=1kb)",19,44906360,44908954,2595,1,"348","ENST00000425718.1",23,"ENSG00000130203","APOE","apolipoprotein E"
"chr2",20962817,20963369,553,"*","Distal Intergenic",2,21024170,21043962,19793,2,"338","ENST00000399256.4",80593,"ENSG00000084674","APOB","apolipoprotein B"
"chr2",20963928,20964370,443,"*","Distal Intergenic",2,21024170,21043962,19793,2,"338","ENST00000399256.4",79592,"ENSG00000084674","APOB","apolipoprotein B"
"chr2",20970137,20970450,314,"*","Distal Intergenic",2,21024170,21043962,19793,2,"338","ENST00000399256.4",73512,"ENSG00000084674","APOB","apolipoprotein B"
"chr2",20973123,20973532,410,"*","Distal Intergenic",2,21024170,21043962,19793,2,"338","ENST00000399256.4",70430,"ENSG00000084674","APOB","apolipoprotein B"
"chr2",20977547,20977808,262,"*","Distal Intergenic",2,21024170,21043962,19793,2,"338","ENST00000399256.4",66154,"ENSG00000084674","APOB","apolipoprotein B"
"chr2",20985189,20985648,460,"*","Distal Intergenic",2,21024170,21043962,19793,2,"338","ENST00000399256.4",58314,"ENSG00000084674","APOB","apolipoprotein B"
"chr2",20986692,20986898,207,"*","Distal Intergenic",2,21024170,21043962,19793,2,"338","ENST00000399256.4",57064,"ENSG00000084674","APOB","apolipoprotein B"
"chr2",20989596,20989930,335,"*","Distal Intergenic",2,21024170,21043962,19793,2,"338","ENST00000399256.4",54032,"ENSG00000084674","APOB","apolipoprotein B"
"chr2",20991953,20992713,761,"*","Distal Intergenic",2,21024170,21043962,19793,2,"338","ENST00000399256.4",51249,"ENSG00000084674","APOB","apolipoprotein B"
"chr2",20996436,20996776,341,"*","Distal Intergenic",2,21024170,21043962,19793,2,"338","ENST00000399256.4",47186,"ENSG00000084674","APOB","apolipoprotein B"
"chr2",20997112,20997408,297,"*","Distal Intergenic",2,21024170,21043962,19793,2,"338","ENST00000399256.4",46554,"ENSG00000084674","APOB","apolipoprotein B"
"chr2",20997499,20999608,2110,"*","Exon (ENST00000567376.2/ENST00000567376.2, exon 1 of 1)",2,21024170,21043962,19793,2,"338","ENST00000399256.4",44354,"ENSG00000084674","APOB","apolipoprotein B"
"chr2",21002703,21002950,248,"*","Exon (ENST00000233242.5/338, exon 29 of 29)",2,21024170,21043962,19793,2,"338","ENST00000399256.4",41012,"ENSG00000084674","APOB","apolipoprotein B"
"chr2",21005078,21005369,292,"*","Exon (ENST00000233242.5/338, exon 26 of 29)",2,21024170,21043962,19793,2,"338","ENST00000399256.4",38593,"ENSG00000084674","APOB","apolipoprotein B"
"chr2",21005578,21006597,1020,"*","Exon (ENST00000233242.5/338, exon 26 of 29)",2,21024170,21043962,19793,2,"338","ENST00000399256.4",37365,"ENSG00000084674","APOB","apolipoprotein B"
"chr2",21006640,21007146,507,"*","Exon (ENST00000233242.5/338, exon 26 of 29)",2,21024170,21043962,19793,2,"338","ENST00000399256.4",36816,"ENSG00000084674","APOB","apolipoprotein B"
"chr2",21007767,21008264,498,"*","Exon (ENST00000233242.5/338, exon 26 of 29)",2,21024170,21043962,19793,2,"338","ENST00000399256.4",35698,"ENSG00000084674","APOB","apolipoprotein B"
"chr2",21008539,21008916,378,"*","Exon (ENST00000233242.5/338, exon 26 of 29)",2,21024170,21043962,19793,2,"338","ENST00000399256.4",35046,"ENSG00000084674","APOB","apolipoprotein B"
"chr2",21008989,21009360,372,"*","Exon (ENST00000233242.5/338, exon 26 of 29)",2,21024170,21043962,19793,2,"338","ENST00000399256.4",34602,"ENSG00000084674","APOB","apolipoprotein B"
"chr2",21010795,21011348,554,"*","Exon (ENST00000233242.5/338, exon 26 of 29)",2,21024170,21043962,19793,2,"338","ENST00000399256.4",32614,"ENSG00000084674","APOB","apolipoprotein B"
"chr2",21012670,21012874,205,"*","Intron (ENST00000233242.5/338, intron 25 of 28)",2,21024170,21043962,19793,2,"338","ENST00000399256.4",31088,"ENSG00000084674","APOB","apolipoprotein B"
"chr2",21013093,21013297,205,"*","3' UTR",2,21024170,21043962,19793,2,"338","ENST00000399256.4",30665,"ENSG00000084674","APOB","apolipoprotein B"
"chr2",21016300,21016790,491,"*","3' UTR",2,21024170,21043962,19793,2,"338","ENST00000399256.4",27172,"ENSG00000084674","APOB","apolipoprotein B"
"chr2",21017256,21017666,411,"*","Intron (ENST00000233242.5/338, intron 20 of 28)",2,21024170,21043962,19793,2,"338","ENST00000399256.4",26296,"ENSG00000084674","APOB","apolipoprotein B"
"chr2",21019420,21020001,582,"*","3' UTR",2,21024170,21043962,19793,2,"338","ENST00000399256.4",23961,"ENSG00000084674","APOB","apolipoprotein B"
"chr2",21020159,21021040,882,"*","Intron (ENST00000233242.5/338, intron 18 of 28)",2,21024170,21043962,19793,2,"338","ENST00000399256.4",22922,"ENSG00000084674","APOB","apolipoprotein B"
"chr2",21021788,21022179,392,"*","Intron (ENST00000233242.5/338, intron 18 of 28)",2,21024170,21043962,19793,2,"338","ENST00000399256.4",21783,"ENSG00000084674","APOB","apolipoprotein B"
"chr2",21024813,21025363,551,"*","3' UTR",2,21024170,21043962,19793,2,"338","ENST00000399256.4",18599,"ENSG00000084674","APOB","apolipoprotein B"
"chr2",21025633,21025855,223,"*","Intron (ENST00000233242.5/338, intron 15 of 28)",2,21024170,21043962,19793,2,"338","ENST00000399256.4",18107,"ENSG00000084674","APOB","apolipoprotein B"
"chr2",21026104,21026381,278,"*","Intron (ENST00000233242.5/338, intron 15 of 28)",2,21024170,21043962,19793,2,"338","ENST00000399256.4",17581,"ENSG00000084674","APOB","apolipoprotein B"
"chr2",21027250,21027676,427,"*","Intron (ENST00000233242.5/338, intron 14 of 28)",2,21024170,21043962,19793,2,"338","ENST00000399256.4",16286,"ENSG00000084674","APOB","apolipoprotein B"
"chr2",21032330,21032632,303,"*","3' UTR",2,21024170,21043962,19793,2,"338","ENST00000399256.4",11330,"ENSG00000084674","APOB","apolipoprotein B"
"chr2",21033406,21033633,228,"*","3' UTR",2,21024170,21043962,19793,2,"338","ENST00000399256.4",10329,"ENSG00000084674","APOB","apolipoprotein B"
"chr2",21033693,21034212,520,"*","Intron (ENST00000233242.5/338, intron 8 of 28)",2,21024170,21043962,19793,2,"338","ENST00000399256.4",9750,"ENSG00000084674","APOB","apolipoprotein B"
"chr2",21036181,21037185,1005,"*","Exon (ENST00000233242.5/338, exon 6 of 29)",2,21024170,21043962,19793,2,"338","ENST00000399256.4",6777,"ENSG00000084674","APOB","apolipoprotein B"
"chr2",21038605,21039004,400,"*","Intron (ENST00000233242.5/338, intron 4 of 28)",2,21024170,21043962,19793,2,"338","ENST00000399256.4",4958,"ENSG00000084674","APOB","apolipoprotein B"
"chr2",21042044,21042501,458,"*","Promoter (1-2kb)",2,21024170,21043962,19793,2,"338","ENST00000399256.4",1461,"ENSG00000084674","APOB","apolipoprotein B"
"chr2",21042925,21043563,639,"*","Promoter (<=1kb)",2,21024170,21043962,19793,2,"338","ENST00000399256.4",399,"ENSG00000084674","APOB","apolipoprotein B"
"chr2",21043649,21044334,686,"*","Promoter (<=1kb)",2,21024170,21043962,19793,2,"338","ENST00000399256.4",0,"ENSG00000084674","APOB","apolipoprotein B"
"chr2",21044753,21045010,258,"*","Promoter (<=1kb)",2,21013299,21044073,30775,2,"338","ENST00000673882.2",-680,"ENSG00000084674","APOB","apolipoprotein B"
"chr2",21047110,21047740,631,"*","Distal Intergenic",2,21013299,21044073,30775,2,"338","ENST00000673882.2",-3037,"ENSG00000084674","APOB","apolipoprotein B"
"chr2",27496044,27497199,1156,"*","Promoter (<=1kb)",2,27496839,27523684,26846,1,"2646","ENST00000264717.7",0,"ENSG00000084734","GCKR","glucokinase regulator"
"chr2",27501046,27501396,351,"*","Exon (ENST00000264717.7/2646, exon 8 of 19)",2,27497268,27501830,4563,1,"2646","ENST00000453813.1",3778,"ENSG00000084734","GCKR","glucokinase regulator"
"chr2",27506427,27508141,1715,"*","Promoter (<=1kb)",2,27506510,27509791,3282,1,"2646","ENST00000411584.1",0,"ENSG00000084734","GCKR","glucokinase regulator"
"chr2",27518185,27518396,212,"*","Intron (ENST00000264717.7/2646, intron 16 of 18)",2,27507341,27508211,871,1,"2646","ENST00000478147.1",10844,"ENSG00000084734","GCKR","glucokinase regulator"
"chr2",27518921,27519196,276,"*","Exon (ENST00000264717.7/2646, exon 17 of 19)",2,27507341,27508211,871,1,"2646","ENST00000478147.1",11580,"ENSG00000084734","GCKR","glucokinase regulator"
"chr2",27519456,27519888,433,"*","Intron (ENST00000264717.7/2646, intron 17 of 18)",2,27507341,27508211,871,1,"2646","ENST00000478147.1",12115,"ENSG00000084734","GCKR","glucokinase regulator"
"chr2",27520206,27520862,657,"*","Intron (ENST00000264717.7/2646, intron 17 of 18)",2,27507341,27508211,871,1,"2646","ENST00000478147.1",12865,"ENSG00000084734","GCKR","glucokinase regulator"
"chr2",43818797,43819160,364,"*","Intron (ENST00000405322.8/64240, intron 11 of 12)",2,43831942,43873929,41988,1,"64241","ENST00000644611.1",-12782,"ENSG00000143921","ABCG8","ATP binding cassette subfamily G member 8"
"chr2",43819455,43820093,639,"*","Exon (ENST00000405322.8/64240, exon 11 of 13)",2,43831942,43873929,41988,1,"64241","ENST00000644611.1",-11849,"ENSG00000143921","ABCG8","ATP binding cassette subfamily G member 8"
"chr2",43824558,43826190,1633,"*","Exon (ENST00000405322.8/64240, exon 7 of 13)",2,43831942,43873929,41988,1,"64241","ENST00000644611.1",-5752,"ENSG00000143921","ABCG8","ATP binding cassette subfamily G member 8"
"chr2",43826304,43826731,428,"*","Exon (ENST00000405322.8/64240, exon 6 of 13)",2,43831942,43873929,41988,1,"64241","ENST00000644611.1",-5211,"ENSG00000143921","ABCG8","ATP binding cassette subfamily G member 8"
"chr2",43831656,43832207,552,"*","Promoter (<=1kb)",2,43831942,43873929,41988,1,"64241","ENST00000644611.1",0,"ENSG00000143921","ABCG8","ATP binding cassette subfamily G member 8"
"chr2",43834602,43834910,309,"*","Promoter (2-3kb)",2,43832142,43848590,16449,1,"64241","ENST00000643284.1",2460,"ENSG00000143921","ABCG8","ATP binding cassette subfamily G member 8"
"chr2",43838054,43839387,1334,"*","Promoter (<=1kb)",2,43812560,43838750,26191,2,"64240","ENST00000486512.5",0,"ENSG00000138075","ABCG5","ATP binding cassette subfamily G member 5"
"chr2",226799270,226800174,905,"*","Promoter (<=1kb)",2,226731312,226799820,68509,2,"3667","ENST00000305123.6",0,"ENSG00000169047","IRS1","insulin receptor substrate 1"
"chr22",46148321,46148809,489,"*","Promoter (1-2kb)",22,46150521,46198410,47890,1,"5465","ENST00000440343.5",-1712,"ENSG00000186951","PPARA","peroxisome proliferator activated receptor alpha"
"chr22",46148868,46149082,215,"*","Promoter (1-2kb)",22,46150521,46198410,47890,1,"5465","ENST00000440343.5",-1439,"ENSG00000186951","PPARA","peroxisome proliferator activated receptor alpha"
"chr22",46149180,46151086,1907,"*","Promoter (<=1kb)",22,46150521,46198410,47890,1,"5465","ENST00000440343.5",0,"ENSG00000186951","PPARA","peroxisome proliferator activated receptor alpha"
"chr22",46156084,46156381,298,"*","Exon (ENST00000496865.1/5465, exon 2 of 2)",22,46151958,46235403,83446,1,"5465","ENST00000402126.2",4126,"ENSG00000186951","PPARA","peroxisome proliferator activated receptor alpha"
"chr22",46160766,46161113,348,"*","Exon (ENST00000846960.1/105373074, exon 3 of 3)",22,46151958,46235403,83446,1,"5465","ENST00000402126.2",8808,"ENSG00000186951","PPARA","peroxisome proliferator activated receptor alpha"
"chr22",46162241,46163215,975,"*","Intron (ENST00000440343.5/5465, intron 2 of 3)",22,46171284,46198410,27127,1,"5465","ENST00000484619.1",-8069,"ENSG00000186951","PPARA","peroxisome proliferator activated receptor alpha"
"chr22",46163354,46163720,367,"*","Exon (ENST00000624818.1/ENST00000624818.1, exon 1 of 1)",22,46171284,46198410,27127,1,"5465","ENST00000484619.1",-7564,"ENSG00000186951","PPARA","peroxisome proliferator activated receptor alpha"
"chr22",46167455,46167682,228,"*","Exon (ENST00000846960.1/105373074, exon 2 of 3)",22,46171284,46198410,27127,1,"5465","ENST00000484619.1",-3602,"ENSG00000186951","PPARA","peroxisome proliferator activated receptor alpha"
"chr22",46169007,46169463,457,"*","Promoter (1-2kb)",22,46171284,46198410,27127,1,"5465","ENST00000484619.1",-1821,"ENSG00000186951","PPARA","peroxisome proliferator activated receptor alpha"
"chr22",46170963,46172890,1928,"*","Promoter (<=1kb)",22,46171284,46198410,27127,1,"5465","ENST00000484619.1",0,"ENSG00000186951","PPARA","peroxisome proliferator activated receptor alpha"
"chr22",46177680,46177904,225,"*","Promoter (<=1kb)",22,46176766,46220657,43892,1,"5465","ENST00000493286.1",914,"ENSG00000186951","PPARA","peroxisome proliferator activated receptor alpha"
"chr22",46178496,46179103,608,"*","Promoter (1-2kb)",22,46176766,46220657,43892,1,"5465","ENST00000493286.1",1730,"ENSG00000186951","PPARA","peroxisome proliferator activated receptor alpha"
"chr22",46180983,46181451,469,"*","Intron (ENST00000440343.5/5465, intron 3 of 3)",22,46176766,46220657,43892,1,"5465","ENST00000493286.1",4217,"ENSG00000186951","PPARA","peroxisome proliferator activated receptor alpha"
"chr22",46183590,46184106,517,"*","Intron (ENST00000440343.5/5465, intron 3 of 3)",22,46176766,46220657,43892,1,"5465","ENST00000493286.1",6824,"ENSG00000186951","PPARA","peroxisome proliferator activated receptor alpha"
"chr22",46185245,46185639,395,"*","Intron (ENST00000440343.5/5465, intron 3 of 3)",22,46176766,46220657,43892,1,"5465","ENST00000493286.1",8479,"ENSG00000186951","PPARA","peroxisome proliferator activated receptor alpha"
"chr22",46186987,46187280,294,"*","Intron (ENST00000440343.5/5465, intron 3 of 3)",22,46176766,46220657,43892,1,"5465","ENST00000493286.1",10221,"ENSG00000186951","PPARA","peroxisome proliferator activated receptor alpha"
"chr22",46187895,46188163,269,"*","Intron (ENST00000440343.5/5465, intron 3 of 3)",22,46176766,46220657,43892,1,"5465","ENST00000493286.1",11129,"ENSG00000186951","PPARA","peroxisome proliferator activated receptor alpha"
"chr22",46191036,46191723,688,"*","Intron (ENST00000440343.5/5465, intron 3 of 3)",22,46176766,46220657,43892,1,"5465","ENST00000493286.1",14270,"ENSG00000186951","PPARA","peroxisome proliferator activated receptor alpha"
"chr22",46193825,46194358,534,"*","Intron (ENST00000440343.5/5465, intron 3 of 3)",22,46176766,46220657,43892,1,"5465","ENST00000493286.1",17059,"ENSG00000186951","PPARA","peroxisome proliferator activated receptor alpha"
"chr22",46195658,46197092,1435,"*","Intron (ENST00000440343.5/5465, intron 3 of 3)",22,46176766,46220657,43892,1,"5465","ENST00000493286.1",18892,"ENSG00000186951","PPARA","peroxisome proliferator activated receptor alpha"
"chr22",46201357,46201813,457,"*","Intron (ENST00000407236.6/5465, intron 4 of 8)",22,46176766,46220657,43892,1,"5465","ENST00000493286.1",24591,"ENSG00000186951","PPARA","peroxisome proliferator activated receptor alpha"
"chr22",46203683,46203883,201,"*","Intron (ENST00000407236.6/5465, intron 4 of 8)",22,46176766,46220657,43892,1,"5465","ENST00000493286.1",26917,"ENSG00000186951","PPARA","peroxisome proliferator activated receptor alpha"
"chr3",12224551,12225198,648,"*","Intron (ENST00000690965.2/ENST00000690965.2, intron 2 of 3)",3,12287368,12434344,146977,1,"5468","ENST00000397010.7",-62170,"ENSG00000132170","PPARG","peroxisome proliferator activated receptor gamma"
"chr3",12226108,12226314,207,"*","Intron (ENST00000690965.2/ENST00000690965.2, intron 2 of 3)",3,12287368,12434344,146977,1,"5468","ENST00000397010.7",-61054,"ENSG00000132170","PPARG","peroxisome proliferator activated receptor gamma"
"chr3",12227798,12228144,347,"*","Intron (ENST00000690965.2/ENST00000690965.2, intron 2 of 3)",3,12287368,12434344,146977,1,"5468","ENST00000397010.7",-59224,"ENSG00000132170","PPARG","peroxisome proliferator activated receptor gamma"
"chr3",12229465,12229885,421,"*","Intron (ENST00000690965.2/ENST00000690965.2, intron 2 of 3)",3,12287368,12434344,146977,1,"5468","ENST00000397010.7",-57483,"ENSG00000132170","PPARG","peroxisome proliferator activated receptor gamma"
"chr3",12236359,12236712,354,"*","Distal Intergenic",3,12287368,12434344,146977,1,"5468","ENST00000397010.7",-50656,"ENSG00000132170","PPARG","peroxisome proliferator activated receptor gamma"
"chr3",12240025,12240253,229,"*","Distal Intergenic",3,12287368,12434344,146977,1,"5468","ENST00000397010.7",-47115,"ENSG00000132170","PPARG","peroxisome proliferator activated receptor gamma"
"chr3",12253598,12254347,750,"*","Distal Intergenic",3,12287368,12434344,146977,1,"5468","ENST00000397010.7",-33021,"ENSG00000132170","PPARG","peroxisome proliferator activated receptor gamma"
"chr3",12255198,12255816,619,"*","Distal Intergenic",3,12287368,12434344,146977,1,"5468","ENST00000397010.7",-31552,"ENSG00000132170","PPARG","peroxisome proliferator activated receptor gamma"
"chr3",12265368,12265581,214,"*","Distal Intergenic",3,12287368,12434344,146977,1,"5468","ENST00000397010.7",-21787,"ENSG00000132170","PPARG","peroxisome proliferator activated receptor gamma"
"chr3",12267441,12267919,479,"*","Distal Intergenic",3,12287368,12434344,146977,1,"5468","ENST00000397010.7",-19449,"ENSG00000132170","PPARG","peroxisome proliferator activated receptor gamma"
"chr3",12268112,12268353,242,"*","Distal Intergenic",3,12287368,12434344,146977,1,"5468","ENST00000397010.7",-19015,"ENSG00000132170","PPARG","peroxisome proliferator activated receptor gamma"
"chr3",12276816,12277123,308,"*","Distal Intergenic",3,12287368,12434344,146977,1,"5468","ENST00000397010.7",-10245,"ENSG00000132170","PPARG","peroxisome proliferator activated receptor gamma"
"chr3",12287451,12289130,1680,"*","Promoter (<=1kb)",3,12287860,12434344,146485,1,"5468","ENST00000309576.11",0,"ENSG00000132170","PPARG","peroxisome proliferator activated receptor gamma"
"chr3",12303631,12304370,740,"*","Promoter (1-2kb)",3,12305773,12381392,75620,1,"5468","ENST00000438682.6",-1403,"ENSG00000132170","PPARG","peroxisome proliferator activated receptor gamma"
"chr3",12308314,12308882,569,"*","Promoter (<=1kb)",3,12308834,12381379,72546,1,"5468","ENST00000683749.1",0,"ENSG00000132170","PPARG","peroxisome proliferator activated receptor gamma"
"chr3",12316324,12317296,973,"*","Intron (ENST00000397010.7/5468, intron 2 of 7)",3,12312388,12434216,121829,1,"5468","ENST00000397000.6",3936,"ENSG00000132170","PPARG","peroxisome proliferator activated receptor gamma"
"chr3",12317892,12318274,383,"*","Intron (ENST00000397010.7/5468, intron 2 of 7)",3,12312388,12434216,121829,1,"5468","ENST00000397000.6",5504,"ENSG00000132170","PPARG","peroxisome proliferator activated receptor gamma"
"chr3",12318751,12319488,738,"*","Intron (ENST00000397010.7/5468, intron 2 of 7)",3,12312388,12434216,121829,1,"5468","ENST00000397000.6",6363,"ENSG00000132170","PPARG","peroxisome proliferator activated receptor gamma"
"chr3",12325478,12326301,824,"*","Intron (ENST00000397010.7/5468, intron 2 of 7)",3,12312388,12434216,121829,1,"5468","ENST00000397000.6",13090,"ENSG00000132170","PPARG","peroxisome proliferator activated receptor gamma"
"chr3",12328559,12328931,373,"*","Intron (ENST00000397010.7/5468, intron 2 of 7)",3,12312388,12434216,121829,1,"5468","ENST00000397000.6",16171,"ENSG00000132170","PPARG","peroxisome proliferator activated receptor gamma"
"chr3",12336163,12336517,355,"*","Intron (ENST00000397010.7/5468, intron 2 of 7)",3,12351472,12406846,55375,1,"5468","ENST00000477039.5",-14955,"ENSG00000132170","PPARG","peroxisome proliferator activated receptor gamma"
"chr3",12338628,12339233,606,"*","Intron (ENST00000397010.7/5468, intron 2 of 7)",3,12351472,12406846,55375,1,"5468","ENST00000477039.5",-12239,"ENSG00000132170","PPARG","peroxisome proliferator activated receptor gamma"
"chr3",12350157,12350900,744,"*","Promoter (<=1kb)",3,12351472,12406846,55375,1,"5468","ENST00000477039.5",-572,"ENSG00000132170","PPARG","peroxisome proliferator activated receptor gamma"
"chr3",12351146,12351582,437,"*","Promoter (<=1kb)",3,12351472,12406846,55375,1,"5468","ENST00000477039.5",0,"ENSG00000132170","PPARG","peroxisome proliferator activated receptor gamma"
"chr3",12353762,12354140,379,"*","Promoter (2-3kb)",3,12351569,12434344,82776,1,"5468","ENST00000397023.5",2193,"ENSG00000132170","PPARG","peroxisome proliferator activated receptor gamma"
"chr3",12356205,12356774,570,"*","Intron (ENST00000397010.7/5468, intron 2 of 7)",3,12351569,12434344,82776,1,"5468","ENST00000397023.5",4636,"ENSG00000132170","PPARG","peroxisome proliferator activated receptor gamma"
"chr3",12357023,12357347,325,"*","Intron (ENST00000397010.7/5468, intron 2 of 7)",3,12351569,12434344,82776,1,"5468","ENST00000397023.5",5454,"ENSG00000132170","PPARG","peroxisome proliferator activated receptor gamma"
"chr3",12370787,12371230,444,"*","Intron (ENST00000397010.7/5468, intron 2 of 7)",3,12376812,12434344,57533,1,"5468","ENST00000682494.1",-5582,"ENSG00000132170","PPARG","peroxisome proliferator activated receptor gamma"
"chr3",12371543,12372132,590,"*","5' UTR",3,12376812,12434344,57533,1,"5468","ENST00000682494.1",-4680,"ENSG00000132170","PPARG","peroxisome proliferator activated receptor gamma"
"chr3",12372845,12373067,223,"*","Intron (ENST00000397010.7/5468, intron 2 of 7)",3,12376812,12434344,57533,1,"5468","ENST00000682494.1",-3745,"ENSG00000132170","PPARG","peroxisome proliferator activated receptor gamma"
"chr3",12375549,12375978,430,"*","Promoter (<=1kb)",3,12376812,12434344,57533,1,"5468","ENST00000682494.1",-834,"ENSG00000132170","PPARG","peroxisome proliferator activated receptor gamma"
"chr3",12387856,12388078,223,"*","Intron (ENST00000397010.7/5468, intron 4 of 7)",3,12380460,12434344,53885,1,"5468","ENST00000684094.1",7396,"ENSG00000132170","PPARG","peroxisome proliferator activated receptor gamma"
"chr3",12393795,12394362,568,"*","Intron (ENST00000397010.7/5468, intron 5 of 7)",3,12405308,12434344,29037,1,"5468","ENST00000682125.1",-10946,"ENSG00000132170","PPARG","peroxisome proliferator activated receptor gamma"
"chr3",12395332,12395639,308,"*","Intron (ENST00000397010.7/5468, intron 5 of 7)",3,12405308,12434344,29037,1,"5468","ENST00000682125.1",-9669,"ENSG00000132170","PPARG","peroxisome proliferator activated receptor gamma"
"chr3",12396578,12396778,201,"*","Intron (ENST00000397010.7/5468, intron 5 of 7)",3,12405308,12434344,29037,1,"5468","ENST00000682125.1",-8530,"ENSG00000132170","PPARG","peroxisome proliferator activated receptor gamma"
"chr3",12400663,12400920,258,"*","Intron (ENST00000397010.7/5468, intron 5 of 7)",3,12405308,12434344,29037,1,"5468","ENST00000682125.1",-4388,"ENSG00000132170","PPARG","peroxisome proliferator activated receptor gamma"
"chr3",12405668,12406332,665,"*","Promoter (<=1kb)",3,12405308,12434344,29037,1,"5468","ENST00000682125.1",360,"ENSG00000132170","PPARG","peroxisome proliferator activated receptor gamma"
"chr3",12408987,12409477,491,"*","Intron (ENST00000397010.7/5468, intron 6 of 7)",3,12405308,12434344,29037,1,"5468","ENST00000682125.1",3679,"ENSG00000132170","PPARG","peroxisome proliferator activated receptor gamma"
"chr3",12410119,12410676,558,"*","Intron (ENST00000397010.7/5468, intron 6 of 7)",3,12405308,12434344,29037,1,"5468","ENST00000682125.1",4811,"ENSG00000132170","PPARG","peroxisome proliferator activated receptor gamma"
"chr3",12413763,12414201,439,"*","Promoter (1-2kb)",3,12415732,12434327,18596,1,"5468","ENST00000682604.1",-1531,"ENSG00000132170","PPARG","peroxisome proliferator activated receptor gamma"
"chr3",12418403,12418817,415,"*","Promoter (1-2kb)",3,12416926,12434162,17237,1,"5468","ENST00000683599.1",1477,"ENSG00000132170","PPARG","peroxisome proliferator activated receptor gamma"
"chr3",12423947,12425084,1138,"*","Promoter (<=1kb)",3,12424574,12434160,9587,1,"5468","ENST00000684277.1",0,"ENSG00000132170","PPARG","peroxisome proliferator activated receptor gamma"
"chr3",12427609,12428000,392,"*","Intron (ENST00000397010.7/5468, intron 7 of 7)",3,12424574,12434160,9587,1,"5468","ENST00000684277.1",3035,"ENSG00000132170","PPARG","peroxisome proliferator activated receptor gamma"
"chr3",12430135,12430403,269,"*","Intron (ENST00000397010.7/5468, intron 7 of 7)",3,12424574,12434160,9587,1,"5468","ENST00000684277.1",5561,"ENSG00000132170","PPARG","peroxisome proliferator activated receptor gamma"
"chr3",12440671,12441371,701,"*","Distal Intergenic",3,12424574,12434160,9587,1,"5468","ENST00000684277.1",16097,"ENSG00000132170","PPARG","peroxisome proliferator activated receptor gamma"
"chr3",12444571,12444852,282,"*","Distal Intergenic",3,12424574,12434160,9587,1,"5468","ENST00000684277.1",19997,"ENSG00000132170","PPARG","peroxisome proliferator activated receptor gamma"
"chr3",12452870,12453365,496,"*","Distal Intergenic",3,12424574,12434160,9587,1,"5468","ENST00000684277.1",28296,"ENSG00000132170","PPARG","peroxisome proliferator activated receptor gamma"
"chr4",99572565,99573275,711,"*","Promoter (1-2kb)",4,99574824,99584193,9370,1,"4547","ENST00000422897.6",-1549,"ENSG00000138823","MTTP","microsomal triglyceride transfer protein"
"chr4",99573871,99574305,435,"*","Promoter (<=1kb)",4,99574824,99584193,9370,1,"4547","ENST00000422897.6",-519,"ENSG00000138823","MTTP","microsomal triglyceride transfer protein"
"chr4",99574369,99575189,821,"*","Promoter (<=1kb)",4,99574824,99584193,9370,1,"4547","ENST00000422897.6",0,"ENSG00000138823","MTTP","microsomal triglyceride transfer protein"
"chr4",99586352,99586620,269,"*","Intron (ENST00000457717.6/4547, intron 4 of 18)",4,99574824,99623997,49174,1,"4547","ENST00000265517.10",11528,"ENSG00000138823","MTTP","microsomal triglyceride transfer protein"
"chr4",99587305,99588119,815,"*","Intron (ENST00000457717.6/4547, intron 4 of 18)",4,99574824,99623997,49174,1,"4547","ENST00000265517.10",12481,"ENSG00000138823","MTTP","microsomal triglyceride transfer protein"
"chr4",99593994,99594236,243,"*","Intron (ENST00000457717.6/4547, intron 7 of 18)",4,99574824,99623997,49174,1,"4547","ENST00000265517.10",19170,"ENSG00000138823","MTTP","microsomal triglyceride transfer protein"
"chr4",99612356,99612624,269,"*","Intron (ENST00000457717.6/4547, intron 15 of 18)",4,99574824,99623997,49174,1,"4547","ENST00000265517.10",37532,"ENSG00000138823","MTTP","microsomal triglyceride transfer protein"
"chr4",99612759,99613048,290,"*","Exon (ENST00000457717.6/4547, exon 16 of 19)",4,99574824,99623997,49174,1,"4547","ENST00000265517.10",37935,"ENSG00000138823","MTTP","microsomal triglyceride transfer protein"
"chr4",99615323,99615604,282,"*","Intron (ENST00000457717.6/4547, intron 16 of 18)",4,99574824,99623997,49174,1,"4547","ENST00000265517.10",40499,"ENSG00000138823","MTTP","microsomal triglyceride transfer protein"
"chr5",75331431,75331766,336,"*","Intron (ENST00000501886.2/124901007, intron 2 of 2)",5,75336329,75360758,24430,1,"3156","ENST00000511206.5",-4563,"ENSG00000113161","HMGCR","3-hydroxy-3-methylglutaryl-CoA reductase"
"chr5",75336270,75337782,1513,"*","Promoter (<=1kb)",5,75336329,75360758,24430,1,"3156","ENST00000511206.5",0,"ENSG00000113161","HMGCR","3-hydroxy-3-methylglutaryl-CoA reductase"
"chr5",75363242,75364301,1060,"*","3' UTR",5,75359917,75360529,613,1,"3156","ENST00000512053.1",3325,"ENSG00000113161","HMGCR","3-hydroxy-3-methylglutaryl-CoA reductase"
"chr7",44145515,44145875,361,"*","Promoter (<=1kb)",7,44143772,44145939,2168,2,"2645","ENST00000672743.1",64,"ENSG00000106633","GCK","glucokinase"
"chr7",44145977,44146678,702,"*","Promoter (<=1kb)",7,44144273,44146129,1857,2,"2645","ENST00000459642.1",0,"ENSG00000106633","GCK","glucokinase"
"chr7",44155517,44155923,407,"*","Intron (ENST00000673284.1/2645, intron 1 of 10)",7,44144277,44159275,14999,2,"2645","ENST00000395796.8",3352,"ENSG00000106633","GCK","glucokinase"
"chr7",44157325,44157599,275,"*","Promoter (1-2kb)",7,44144277,44159275,14999,2,"2645","ENST00000395796.8",1676,"ENSG00000106633","GCK","glucokinase"
"chr7",44158928,44159521,594,"*","Promoter (<=1kb)",7,44144275,44159282,15008,2,"2645","ENST00000345378.7",0,"ENSG00000106633","GCK","glucokinase"
"chr7",44159765,44160263,499,"*","Promoter (<=1kb)",7,44144275,44159282,15008,2,"2645","ENST00000345378.7",-483,"ENSG00000106633","GCK","glucokinase"
"chr7",44162144,44163112,969,"*","Promoter (2-3kb)",7,44144275,44159282,15008,2,"2645","ENST00000345378.7",-2862,"ENSG00000106633","GCK","glucokinase"
"chr7",44184543,44184745,203,"*","Intron (ENST00000673284.1/2645, intron 1 of 10)",7,44145132,44188987,43856,2,"2645","ENST00000437084.1",4242,"ENSG00000106633","GCK","glucokinase"
"chr7",44185709,44186115,407,"*","Promoter (2-3kb)",7,44145132,44188987,43856,2,"2645","ENST00000437084.1",2872,"ENSG00000106633","GCK","glucokinase"
"chr7",44187653,44188605,953,"*","Promoter (<=1kb)",7,44145132,44188987,43856,2,"2645","ENST00000437084.1",382,"ENSG00000106633","GCK","glucokinase"
"chr7",44189827,44190136,310,"*","Promoter (<=1kb)",7,44148310,44189439,41130,2,"2645","ENST00000682635.1",-388,"ENSG00000106633","GCK","glucokinase"
"chr7",44194057,44194290,234,"*","Exon (ENST00000849949.1/ENST00000849949.1, exon 1 of 2)",7,44153391,44198170,44780,2,"2645","ENST00000476008.1",3880,"ENSG00000106633","GCK","glucokinase"
"chr7",44196418,44196723,306,"*","Promoter (1-2kb)",7,44153391,44198170,44780,2,"2645","ENST00000476008.1",1447,"ENSG00000106633","GCK","glucokinase"
"chr8",19876679,19876897,219,"*","Distal Intergenic",8,19901717,19954151,52435,1,"4023","ENST00000520959.5",-24820,"ENSG00000175445","LPL","lipoprotein lipase"
"chr8",19880772,19881166,395,"*","Distal Intergenic",8,19901717,19954151,52435,1,"4023","ENST00000520959.5",-20551,"ENSG00000175445","LPL","lipoprotein lipase"
"chr8",19886573,19887255,683,"*","Distal Intergenic",8,19901717,19954151,52435,1,"4023","ENST00000520959.5",-14462,"ENSG00000175445","LPL","lipoprotein lipase"
"chr8",19887634,19888165,532,"*","Distal Intergenic",8,19901717,19954151,52435,1,"4023","ENST00000520959.5",-13552,"ENSG00000175445","LPL","lipoprotein lipase"
"chr8",19898371,19898924,554,"*","Promoter (2-3kb)",8,19901717,19954151,52435,1,"4023","ENST00000520959.5",-2793,"ENSG00000175445","LPL","lipoprotein lipase"
"chr8",19904681,19905048,368,"*","Promoter (2-3kb)",8,19901717,19954151,52435,1,"4023","ENST00000520959.5",2964,"ENSG00000175445","LPL","lipoprotein lipase"
"chr8",19908112,19908312,201,"*","Intron (ENST00000520959.5/4023, intron 1 of 4)",8,19901717,19954151,52435,1,"4023","ENST00000520959.5",6395,"ENSG00000175445","LPL","lipoprotein lipase"
"chr8",19928860,19929188,329,"*","Intron (ENST00000520959.5/4023, intron 1 of 4)",8,19938870,19951908,13039,1,"4023","ENST00000524029.5",-9682,"ENSG00000175445","LPL","lipoprotein lipase"
"chr8",19936927,19937347,421,"*","Promoter (1-2kb)",8,19938870,19951908,13039,1,"4023","ENST00000524029.5",-1523,"ENSG00000175445","LPL","lipoprotein lipase"
"chr8",19939200,19940493,1294,"*","Promoter (<=1kb)",8,19939253,19967259,28007,1,"4023","ENST00000650287.1",0,"ENSG00000175445","LPL","lipoprotein lipase"
"chr8",19962105,19962721,617,"*","3' UTR",8,19956005,19967196,11192,1,"4023","ENST00000650478.1",6100,"ENSG00000175445","LPL","lipoprotein lipase"
"chr8",19969141,19969568,428,"*","Distal Intergenic",8,19956005,19967196,11192,1,"4023","ENST00000650478.1",13136,"ENSG00000175445","LPL","lipoprotein lipase"
"chr8",19975349,19975709,361,"*","Distal Intergenic",8,19956005,19967196,11192,1,"4023","ENST00000650478.1",19344,"ENSG00000175445","LPL","lipoprotein lipase"
"chr8",19985345,19985545,201,"*","Distal Intergenic",8,19956005,19967196,11192,1,"4023","ENST00000650478.1",29340,"ENSG00000175445","LPL","lipoprotein lipase"
"chr8",20004685,20004888,204,"*","Distal Intergenic",8,19956005,19967196,11192,1,"4023","ENST00000650478.1",48680,"ENSG00000175445","LPL","lipoprotein lipase"
"chr8",20011757,20012376,620,"*","Distal Intergenic",8,19956005,19967196,11192,1,"4023","ENST00000650478.1",55752,"ENSG00000175445","LPL","lipoprotein lipase"
